통계년월,통계시도명,통계시군구명,중위소득비율구분,가족유형,수급자수,수급가구수
201802,서울특별시,종로구,기타(중위소득72%이상),모자가족,3,1
201802,서울특별시,종로구,중위소득40%미만,부자가족,190,75
201802,서울특별시,종로구,중위소득41~52%미만,부자가족,16,8
201802,서울특별시,종로구,중위소득40%미만,모자가족,545,230
201802,서울특별시,종로구,중위소득40%미만,청소년모자,10,5
201802,서울특별시,종로구,중위소득41~52%미만,모자가족,103,43
201802,서울특별시,종로구,중위소득40%미만,청소년부자,2,1
201802,서울특별시,종로구,중위소득53~60%미만,모자가족,4,2
201802,서울특별시,중구,기타(중위소득72%이상),모자가족,8,4
201802,서울특별시,중구,중위소득40%미만,부자가족,157,63
201802,서울특별시,중구,중위소득41~52%미만,부자가족,20,9
201802,서울특별시,중구,중위소득40%미만,모자가족,511,221
201802,서울특별시,중구,기타(중위소득72%이상),부자가족,3,1
201802,서울특별시,중구,중위소득40%미만,청소년모자,8,4
201802,서울특별시,중구,중위소득41~52%미만,모자가족,106,42
201802,서울특별시,중구,중위소득53~60%미만,모자가족,2,1
201802,서울특별시,중구,중위소득60~72%미만,모자가족,2,1
201802,서울특별시,용산구,중위소득40%미만,부자가족,230,97
201802,서울특별시,용산구,중위소득41~52%미만,부자가족,44,19
201802,서울특별시,용산구,중위소득40%미만,조손가족,6,3
201802,서울특별시,용산구,중위소득40%미만,청소년모자,18,12
201802,서울특별시,용산구,중위소득41~52%미만,청소년모자,2,1
201802,서울특별시,용산구,중위소득40%미만,청소년부자,2,1
201802,서울특별시,용산구,중위소득41~52%미만,모자가족,191,78
201802,서울특별시,용산구,중위소득40%미만,모자가족,807,369
201802,서울특별시,용산구,기타(중위소득72%이상),모자가족,2,1
201802,서울특별시,성동구,기타(중위소득72%이상),모자가족,4,2
201802,서울특별시,성동구,중위소득40%미만,부자가족,387,165
201802,서울특별시,성동구,중위소득41~52%미만,부자가족,58,26
201802,서울특별시,성동구,중위소득60~72%미만,부자가족,2,1
201802,서울특별시,성동구,중위소득40%미만,모자가족,1186,488
201802,서울특별시,성동구,중위소득40%미만,조손가족,12,5
201802,서울특별시,성동구,중위소득41~52%미만,조손가족,2,1
201802,서울특별시,성동구,중위소득40%미만,청소년모자,11,5
201802,서울특별시,성동구,중위소득41~52%미만,청소년모자,4,2
201802,서울특별시,성동구,중위소득40%미만,청소년부자,1,1
201802,서울특별시,성동구,중위소득41~52%미만,모자가족,231,96
201802,서울특별시,성동구,중위소득53~60%미만,모자가족,12,5
201802,서울특별시,성동구,중위소득60~72%미만,모자가족,4,2
201802,서울특별시,광진구,기타(중위소득72%이상),모자가족,13,6
201802,서울특별시,광진구,중위소득40%미만,부자가족,480,201
201802,서울특별시,광진구,중위소득41~52%미만,부자가족,68,31
201802,서울특별시,광진구,기타(중위소득72%이상),부자가족,3,1
201802,서울특별시,광진구,중위소득40%미만,조손가족,11,5
201802,서울특별시,광진구,중위소득40%미만,모자가족,2010,818
201802,서울특별시,광진구,중위소득40%미만,청소년모자,23,11
201802,서울특별시,광진구,중위소득40%미만,청소년부자,10,5
201802,서울특별시,광진구,중위소득41~52%미만,모자가족,387,160
201802,서울특별시,광진구,중위소득53~60%미만,모자가족,6,2
201802,서울특별시,광진구,중위소득60~72%미만,모자가족,6,2
201802,서울특별시,동대문구,기타(중위소득72%이상),모자가족,10,5
201802,서울특별시,동대문구,중위소득40%미만,부자가족,597,250
201802,서울특별시,동대문구,중위소득41~52%미만,부자가족,83,34
201802,서울특별시,동대문구,중위소득40%미만,모자가족,1922,788
201802,서울특별시,동대문구,중위소득53~60%미만,부자가족,4,2
201802,서울특별시,동대문구,중위소득60~72%미만,부자가족,2,1
201802,서울특별시,동대문구,중위소득40%미만,조손가족,14,6
201802,서울특별시,동대문구,중위소득40%미만,청소년모자,21,10
201802,서울특별시,동대문구,중위소득40%미만,청소년부자,4,3
201802,서울특별시,동대문구,중위소득41~52%미만,모자가족,272,116
201802,서울특별시,동대문구,중위소득53~60%미만,모자가족,12,6
201802,서울특별시,동대문구,중위소득60~72%미만,모자가족,7,3
201802,서울특별시,중랑구,기타(중위소득72%이상),모자가족,7,4
201802,서울특별시,중랑구,중위소득40%미만,부자가족,1058,438
201802,서울특별시,중랑구,중위소득41~52%미만,부자가족,160,66
201802,서울특별시,중랑구,중위소득53~60%미만,부자가족,12,4
201802,서울특별시,중랑구,기타(중위소득72%이상),부자가족,4,2
201802,서울특별시,중랑구,중위소득40%미만,조손가족,15,6
201802,서울특별시,중랑구,중위소득40%미만,모자가족,3553,1447
201802,서울특별시,중랑구,기타(중위소득72%이상),조손가족,3,1
201802,서울특별시,중랑구,중위소득40%미만,청소년모자,64,32
201802,서울특별시,중랑구,중위소득41~52%미만,청소년모자,2,1
201802,서울특별시,중랑구,중위소득53~60%미만,청소년모자,2,1
201802,서울특별시,중랑구,중위소득40%미만,청소년부자,14,7
201802,서울특별시,중랑구,중위소득41~52%미만,모자가족,614,263
201802,서울특별시,중랑구,중위소득53~60%미만,모자가족,14,6
201802,서울특별시,중랑구,중위소득60~72%미만,모자가족,11,5
201802,서울특별시,성북구,기타(중위소득72%이상),모자가족,4,2
201802,서울특별시,성북구,중위소득40%미만,부자가족,630,258
201802,서울특별시,성북구,중위소득41~52%미만,부자가족,104,43
201802,서울특별시,성북구,중위소득53~60%미만,부자가족,2,1
201802,서울특별시,성북구,중위소득40%미만,모자가족,2325,936
201802,서울특별시,성북구,기타(중위소득72%이상),부자가족,8,4
201802,서울특별시,성북구,중위소득40%미만,조손가족,19,7
201802,서울특별시,성북구,중위소득40%미만,청소년모자,40,21
201802,서울특별시,성북구,중위소득41~52%미만,모자가족,454,186
201802,서울특별시,성북구,중위소득53~60%미만,모자가족,18,8
201802,서울특별시,성북구,중위소득60~72%미만,모자가족,9,4
201802,서울특별시,강북구,기타(중위소득72%이상),모자가족,5,2
201802,서울특별시,강북구,중위소득40%미만,부자가족,843,357
201802,서울특별시,강북구,중위소득41~52%미만,부자가족,93,38
201802,서울특별시,강북구,중위소득53~60%미만,부자가족,3,1
201802,서울특별시,강북구,중위소득40%미만,모자가족,3250,1337
201802,서울특별시,강북구,기타(중위소득72%이상),부자가족,2,1
201802,서울특별시,강북구,중위소득40%미만,조손가족,42,18
201802,서울특별시,강북구,중위소득40%미만,청소년모자,32,15
201802,서울특별시,강북구,중위소득41~52%미만,청소년모자,4,2
201802,서울특별시,강북구,중위소득40%미만,청소년부자,2,1
201802,서울특별시,강북구,중위소득41~52%미만,모자가족,467,194
201802,서울특별시,강북구,중위소득53~60%미만,모자가족,5,2
201802,서울특별시,강북구,중위소득60~72%미만,모자가족,4,2
201802,서울특별시,도봉구,기타(중위소득72%이상),모자가족,6,2
201802,서울특별시,도봉구,중위소득40%미만,부자가족,727,304
201802,서울특별시,도봉구,중위소득41~52%미만,부자가족,120,52
201802,서울특별시,도봉구,중위소득53~60%미만,부자가족,3,1
201802,서울특별시,도봉구,기타(중위소득72%이상),부자가족,7,3
201802,서울특별시,도봉구,중위소득40%미만,모자가족,2981,1212
201802,서울특별시,도봉구,중위소득40%미만,조손가족,26,12
201802,서울특별시,도봉구,중위소득40%미만,청소년모자,53,28
201802,서울특별시,도봉구,중위소득41~52%미만,청소년모자,5,2
201802,서울특별시,도봉구,중위소득41~52%미만,모자가족,437,181
201802,서울특별시,도봉구,중위소득40%미만,청소년부자,2,1
201802,서울특별시,도봉구,중위소득53~60%미만,모자가족,9,4
201802,서울특별시,노원구,기타(중위소득72%이상),모자가족,28,13
201802,서울특별시,노원구,중위소득40%미만,부자가족,1088,459
201802,서울특별시,노원구,중위소득41~52%미만,부자가족,169,71
201802,서울특별시,노원구,중위소득53~60%미만,부자가족,12,5
201802,서울특별시,노원구,기타(중위소득72%이상),부자가족,10,4
201802,서울특별시,노원구,중위소득40%미만,조손가족,53,22
201802,서울특별시,노원구,중위소득40%미만,모자가족,4091,1701
201802,서울특별시,노원구,중위소득41~52%미만,조손가족,6,2
201802,서울특별시,노원구,중위소득40%미만,청소년모자,52,28
201802,서울특별시,노원구,중위소득41~52%미만,모자가족,579,234
201802,서울특별시,노원구,중위소득40%미만,청소년부자,8,4
201802,서울특별시,노원구,중위소득53~60%미만,모자가족,26,11
201802,서울특별시,노원구,중위소득60~72%미만,모자가족,14,5
201802,서울특별시,은평구,기타(중위소득72%이상),모자가족,6,2
201802,서울특별시,은평구,중위소득40%미만,부자가족,858,355
201802,서울특별시,은평구,중위소득41~52%미만,부자가족,128,53
201802,서울특별시,은평구,중위소득40%미만,모자가족,3320,1358
201802,서울특별시,은평구,중위소득53~60%미만,부자가족,2,1
201802,서울특별시,은평구,기타(중위소득72%이상),부자가족,3,2
201802,서울특별시,은평구,중위소득40%미만,조손가족,20,9
201802,서울특별시,은평구,중위소득41~52%미만,조손가족,7,3
201802,서울특별시,은평구,중위소득40%미만,청소년모자,59,29
201802,서울특별시,은평구,중위소득41~52%미만,청소년모자,6,3
201802,서울특별시,은평구,중위소득53~60%미만,청소년모자,2,1
201802,서울특별시,은평구,중위소득40%미만,청소년부자,9,4
201802,서울특별시,은평구,중위소득41~52%미만,모자가족,769,314
201802,서울특별시,은평구,중위소득53~60%미만,모자가족,23,10
201802,서울특별시,은평구,중위소득60~72%미만,모자가족,4,2
201802,서울특별시,서대문구,기타(중위소득72%이상),모자가족,3,1
201802,서울특별시,서대문구,중위소득40%미만,부자가족,417,171
201802,서울특별시,서대문구,중위소득41~52%미만,부자가족,93,38
201802,서울특별시,서대문구,중위소득53~60%미만,부자가족,2,1
201802,서울특별시,서대문구,기타(중위소득72%이상),부자가족,10,4
201802,서울특별시,서대문구,중위소득40%미만,조손가족,13,4
201802,서울특별시,서대문구,중위소득40%미만,모자가족,1598,660
201802,서울특별시,서대문구,중위소득41~52%미만,조손가족,2,1
201802,서울특별시,서대문구,중위소득40%미만,청소년모자,52,27
201802,서울특별시,서대문구,중위소득41~52%미만,모자가족,289,120
201802,서울특별시,서대문구,중위소득40%미만,청소년부자,4,3
201802,서울특별시,서대문구,중위소득53~60%미만,모자가족,18,8
201802,서울특별시,서대문구,중위소득60~72%미만,모자가족,4,2
201802,서울특별시,마포구,기타(중위소득72%이상),모자가족,8,4
201802,서울특별시,마포구,중위소득40%미만,부자가족,371,154
201802,서울특별시,마포구,중위소득41~52%미만,부자가족,45,19
201802,서울특별시,마포구,중위소득40%미만,모자가족,1424,593
201802,서울특별시,마포구,중위소득53~60%미만,부자가족,2,1
201802,서울특별시,마포구,기타(중위소득72%이상),부자가족,2,1
201802,서울특별시,마포구,중위소득40%미만,조손가족,3,1
201802,서울특별시,마포구,중위소득41~52%미만,조손가족,2,1
201802,서울특별시,마포구,중위소득40%미만,청소년모자,46,26
201802,서울특별시,마포구,중위소득40%미만,청소년부자,4,2
201802,서울특별시,마포구,중위소득41~52%미만,모자가족,195,85
201802,서울특별시,마포구,중위소득53~60%미만,모자가족,10,6
201802,서울특별시,마포구,중위소득60~72%미만,모자가족,8,3
201802,서울특별시,양천구,중위소득40%미만,부자가족,512,209
201802,서울특별시,양천구,중위소득41~52%미만,부자가족,75,33
201802,서울특별시,양천구,기타(중위소득72%이상),부자가족,2,1
201802,서울특별시,양천구,중위소득40%미만,조손가족,14,6
201802,서울특별시,양천구,중위소득41~52%미만,조손가족,2,1
201802,서울특별시,양천구,중위소득40%미만,청소년모자,31,15
201802,서울특별시,양천구,중위소득40%미만,청소년부자,2,1
201802,서울특별시,양천구,중위소득41~52%미만,모자가족,457,187
201802,서울특별시,양천구,중위소득40%미만,모자가족,2218,898
201802,서울특별시,양천구,중위소득53~60%미만,모자가족,27,12
201802,서울특별시,양천구,중위소득60~72%미만,모자가족,3,1
201802,서울특별시,양천구,기타(중위소득72%이상),모자가족,6,3
201802,서울특별시,강서구,기타(중위소득72%이상),모자가족,19,9
201802,서울특별시,강서구,중위소득40%미만,부자가족,912,380
201802,서울특별시,강서구,중위소득41~52%미만,부자가족,107,45
201802,서울특별시,강서구,중위소득53~60%미만,부자가족,6,3
201802,서울특별시,강서구,중위소득60~72%미만,부자가족,2,1
201802,서울특별시,강서구,중위소득40%미만,모자가족,3329,1370
201802,서울특별시,강서구,기타(중위소득72%이상),부자가족,2,1
201802,서울특별시,강서구,중위소득40%미만,조손가족,18,7
201802,서울특별시,강서구,중위소득40%미만,청소년모자,57,30
201802,서울특별시,강서구,중위소득40%미만,청소년부자,15,7
201802,서울특별시,강서구,중위소득41~52%미만,모자가족,620,252
201802,서울특별시,강서구,중위소득53~60%미만,모자가족,27,12
201802,서울특별시,강서구,중위소득60~72%미만,모자가족,12,5
201802,서울특별시,구로구,기타(중위소득72%이상),모자가족,3,1
201802,서울특별시,구로구,중위소득40%미만,부자가족,401,165
201802,서울특별시,구로구,중위소득41~52%미만,부자가족,61,27
201802,서울특별시,구로구,중위소득60~72%미만,부자가족,3,1
201802,서울특별시,구로구,기타(중위소득72%이상),부자가족,3,1
201802,서울특별시,구로구,중위소득40%미만,조손가족,12,4
201802,서울특별시,구로구,중위소득40%미만,청소년모자,37,24
201802,서울특별시,구로구,중위소득41~52%미만,청소년모자,2,2
201802,서울특별시,구로구,중위소득40%미만,청소년부자,8,4
201802,서울특별시,구로구,중위소득40%미만,모자가족,1827,793
201802,서울특별시,구로구,중위소득41~52%미만,모자가족,341,150
201802,서울특별시,구로구,중위소득53~60%미만,모자가족,23,12
201802,서울특별시,구로구,중위소득60~72%미만,모자가족,7,3
201802,서울특별시,금천구,기타(중위소득72%이상),모자가족,14,6
201802,서울특별시,금천구,중위소득40%미만,부자가족,535,223
201802,서울특별시,금천구,중위소득41~52%미만,부자가족,60,23
201802,서울특별시,금천구,중위소득53~60%미만,부자가족,4,2
201802,서울특별시,금천구,중위소득40%미만,모자가족,1975,836
201802,서울특별시,금천구,기타(중위소득72%이상),부자가족,4,2
201802,서울특별시,금천구,중위소득40%미만,조손가족,18,8
201802,서울특별시,금천구,중위소득40%미만,청소년모자,39,21
201802,서울특별시,금천구,중위소득40%미만,청소년부자,9,4
201802,서울특별시,금천구,중위소득41~52%미만,모자가족,323,137
201802,서울특별시,금천구,중위소득53~60%미만,모자가족,4,2
201802,서울특별시,금천구,중위소득60~72%미만,모자가족,4,2
201802,서울특별시,영등포구,중위소득40%미만,부자가족,248,102
201802,서울특별시,영등포구,중위소득41~52%미만,부자가족,53,22
201802,서울특별시,영등포구,중위소득53~60%미만,부자가족,2,1
201802,서울특별시,영등포구,중위소득40%미만,모자가족,861,365
201802,서울특별시,영등포구,중위소득40%미만,청소년모자,4,2
201802,서울특별시,영등포구,중위소득40%미만,청소년부자,3,1
201802,서울특별시,영등포구,중위소득41~52%미만,모자가족,176,77
201802,서울특별시,동작구,기타(중위소득72%이상),모자가족,6,3
201802,서울특별시,동작구,중위소득40%미만,부자가족,402,165
201802,서울특별시,동작구,중위소득41~52%미만,부자가족,83,35
201802,서울특별시,동작구,중위소득53~60%미만,부자가족,4,2
201802,서울특별시,동작구,중위소득40%미만,모자가족,1475,611
201802,서울특별시,동작구,기타(중위소득72%이상),부자가족,3,1
201802,서울특별시,동작구,중위소득40%미만,조손가족,31,12
201802,서울특별시,동작구,중위소득40%미만,청소년모자,26,12
201802,서울특별시,동작구,중위소득40%미만,청소년부자,4,2
201802,서울특별시,동작구,중위소득41~52%미만,모자가족,360,150
201802,서울특별시,동작구,중위소득53~60%미만,모자가족,11,5
201802,서울특별시,동작구,중위소득60~72%미만,모자가족,9,4
201802,서울특별시,관악구,중위소득40%미만,부자가족,605,248
201802,서울특별시,관악구,중위소득41~52%미만,부자가족,129,54
201802,서울특별시,관악구,중위소득53~60%미만,부자가족,13,6
201802,서울특별시,관악구,중위소득60~72%미만,부자가족,3,1
201802,서울특별시,관악구,기타(중위소득72%이상),부자가족,2,1
201802,서울특별시,관악구,중위소득40%미만,조손가족,5,2
201802,서울특별시,관악구,중위소득40%미만,청소년모자,38,19
201802,서울특별시,관악구,기타(중위소득72%이상),청소년모자,1,1
201802,서울특별시,관악구,중위소득40%미만,청소년부자,6,3
201802,서울특별시,관악구,중위소득53~60%미만,청소년부자,2,1
201802,서울특별시,관악구,중위소득41~52%미만,모자가족,414,170
201802,서울특별시,관악구,중위소득53~60%미만,모자가족,21,9
201802,서울특별시,관악구,중위소득40%미만,모자가족,2311,950
201802,서울특별시,관악구,중위소득60~72%미만,모자가족,5,2
201802,서울특별시,관악구,기타(중위소득72%이상),모자가족,14,7
201802,서울특별시,서초구,기타(중위소득72%이상),모자가족,12,4
201802,서울특별시,서초구,중위소득40%미만,부자가족,205,86
201802,서울특별시,서초구,중위소득41~52%미만,부자가족,24,11
201802,서울특별시,서초구,중위소득60~72%미만,부자가족,2,1
201802,서울특별시,서초구,중위소득40%미만,조손가족,9,3
201802,서울특별시,서초구,중위소득40%미만,모자가족,973,395
201802,서울특별시,서초구,중위소득40%미만,청소년모자,8,4
201802,서울특별시,서초구,중위소득41~52%미만,모자가족,185,74
201802,서울특별시,서초구,중위소득53~60%미만,모자가족,6,3
201802,서울특별시,서초구,중위소득60~72%미만,모자가족,2,1
201802,서울특별시,강남구,기타(중위소득72%이상),모자가족,16,7
201802,서울특별시,강남구,중위소득40%미만,부자가족,368,151
201802,서울특별시,강남구,중위소득41~52%미만,부자가족,46,19
201802,서울특별시,강남구,중위소득40%미만,모자가족,1719,706
201802,서울특별시,강남구,기타(중위소득72%이상),부자가족,3,1
201802,서울특별시,강남구,중위소득40%미만,청소년모자,16,7
201802,서울특별시,강남구,중위소득41~52%미만,모자가족,184,78
201802,서울특별시,강남구,중위소득53~60%미만,모자가족,11,5
201802,서울특별시,강남구,중위소득60~72%미만,모자가족,13,4
201802,서울특별시,송파구,기타(중위소득72%이상),모자가족,10,5
201802,서울특별시,송파구,중위소득40%미만,부자가족,598,246
201802,서울특별시,송파구,중위소득41~52%미만,부자가족,123,52
201802,서울특별시,송파구,중위소득53~60%미만,부자가족,3,1
201802,서울특별시,송파구,기타(중위소득72%이상),부자가족,9,3
201802,서울특별시,송파구,중위소득40%미만,조손가족,13,5
201802,서울특별시,송파구,중위소득40%미만,모자가족,2576,1037
201802,서울특별시,송파구,중위소득40%미만,청소년모자,41,22
201802,서울특별시,송파구,중위소득41~52%미만,청소년모자,6,3
201802,서울특별시,송파구,중위소득41~52%미만,모자가족,550,224
201802,서울특별시,송파구,중위소득41~52%미만,청소년부자,2,1
201802,서울특별시,송파구,중위소득53~60%미만,모자가족,8,3
201802,서울특별시,송파구,중위소득60~72%미만,모자가족,10,5
201802,서울특별시,강동구,중위소득40%미만,부자가족,559,225
201802,서울특별시,강동구,중위소득41~52%미만,부자가족,75,30
201802,서울특별시,강동구,기타(중위소득72%이상),부자가족,4,2
201802,서울특별시,강동구,중위소득40%미만,조손가족,4,2
201802,서울특별시,강동구,중위소득40%미만,청소년모자,39,18
201802,서울특별시,강동구,중위소득40%미만,모자가족,2012,819
201802,서울특별시,강동구,중위소득41~52%미만,모자가족,395,160
201802,서울특별시,강동구,중위소득53~60%미만,모자가족,8,3
201802,서울특별시,강동구,중위소득60~72%미만,모자가족,9,4
201802,서울특별시,강동구,기타(중위소득72%이상),모자가족,14,5
201802,부산광역시,중구,중위소득40%미만,부자가족,103,45
201802,부산광역시,중구,중위소득41~52%미만,부자가족,26,10
201802,부산광역시,중구,중위소득53~60%미만,부자가족,2,1
201802,부산광역시,중구,기타(중위소득72%이상),부자가족,2,2
201802,부산광역시,중구,중위소득40%미만,조손가족,4,2
201802,부산광역시,중구,중위소득40%미만,청소년모자,10,5
201802,부산광역시,중구,중위소득40%미만,청소년부자,2,1
201802,부산광역시,중구,중위소득41~52%미만,모자가족,52,23
201802,부산광역시,중구,중위소득40%미만,모자가족,364,154
201802,부산광역시,중구,중위소득53~60%미만,모자가족,5,2
201802,부산광역시,중구,기타(중위소득72%이상),모자가족,2,1
201802,부산광역시,서구,중위소득40%미만,부자가족,425,174
201802,부산광역시,서구,중위소득41~52%미만,부자가족,49,22
201802,부산광역시,서구,중위소득60~72%미만,부자가족,2,1
201802,부산광역시,서구,중위소득40%미만,모자가족,1148,518
201802,부산광역시,서구,중위소득40%미만,조손가족,21,8
201802,부산광역시,서구,중위소득41~52%미만,조손가족,4,2
201802,부산광역시,서구,중위소득40%미만,청소년모자,32,24
201802,부산광역시,서구,중위소득40%미만,청소년부자,2,1
201802,부산광역시,서구,중위소득41~52%미만,모자가족,205,87
201802,부산광역시,서구,중위소득53~60%미만,모자가족,6,3
201802,부산광역시,서구,기타(중위소득72%이상),모자가족,2,2
201802,부산광역시,동구,중위소득40%미만,부자가족,332,139
201802,부산광역시,동구,중위소득41~52%미만,부자가족,39,15
201802,부산광역시,동구,중위소득53~60%미만,부자가족,2,1
201802,부산광역시,동구,중위소득60~72%미만,부자가족,2,1
201802,부산광역시,동구,중위소득40%미만,모자가족,1027,418
201802,부산광역시,동구,중위소득40%미만,조손가족,36,15
201802,부산광역시,동구,중위소득40%미만,청소년모자,8,4
201802,부산광역시,동구,중위소득41~52%미만,모자가족,143,61
201802,부산광역시,동구,중위소득53~60%미만,모자가족,4,2
201802,부산광역시,동구,중위소득60~72%미만,모자가족,2,1
201802,부산광역시,영도구,기타(중위소득72%이상),모자가족,3,2
201802,부산광역시,영도구,중위소득40%미만,부자가족,353,151
201802,부산광역시,영도구,중위소득41~52%미만,부자가족,62,27
201802,부산광역시,영도구,중위소득40%미만,모자가족,970,432
201802,부산광역시,영도구,기타(중위소득72%이상),부자가족,4,2
201802,부산광역시,영도구,중위소득40%미만,조손가족,8,4
201802,부산광역시,영도구,중위소득40%미만,청소년모자,18,13
201802,부산광역시,영도구,중위소득41~52%미만,모자가족,208,87
201802,부산광역시,영도구,중위소득40%미만,청소년부자,5,3
201802,부산광역시,영도구,중위소득53~60%미만,모자가족,6,3
201802,부산광역시,영도구,중위소득60~72%미만,모자가족,4,2
201802,부산광역시,부산진구,기타(중위소득72%이상),모자가족,4,2
201802,부산광역시,부산진구,중위소득40%미만,부자가족,669,274
201802,부산광역시,부산진구,중위소득40%미만,모자가족,2131,867
201802,부산광역시,부산진구,중위소득41~52%미만,부자가족,79,32
201802,부산광역시,부산진구,중위소득53~60%미만,부자가족,2,1
201802,부산광역시,부산진구,중위소득40%미만,조손가족,11,5
201802,부산광역시,부산진구,중위소득53~60%미만,조손가족,2,1
201802,부산광역시,부산진구,중위소득40%미만,청소년모자,38,17
201802,부산광역시,부산진구,중위소득41~52%미만,청소년모자,2,1
201802,부산광역시,부산진구,기타(중위소득72%이상),청소년모자,1,1
201802,부산광역시,부산진구,중위소득40%미만,청소년부자,2,1
201802,부산광역시,부산진구,중위소득41~52%미만,모자가족,410,171
201802,부산광역시,부산진구,중위소득53~60%미만,모자가족,20,9
201802,부산광역시,부산진구,중위소득60~72%미만,모자가족,2,1
201802,부산광역시,동래구,중위소득40%미만,부자가족,417,170
201802,부산광역시,동래구,중위소득41~52%미만,부자가족,46,19
201802,부산광역시,동래구,중위소득40%미만,조손가족,10,4
201802,부산광역시,동래구,중위소득40%미만,청소년모자,8,4
201802,부산광역시,동래구,중위소득40%미만,모자가족,1593,638
201802,부산광역시,동래구,중위소득41~52%미만,모자가족,304,124
201802,부산광역시,동래구,중위소득53~60%미만,모자가족,22,9
201802,부산광역시,동래구,중위소득60~72%미만,모자가족,4,2
201802,부산광역시,남구,기타(중위소득72%이상),모자가족,9,4
201802,부산광역시,남구,중위소득40%미만,부자가족,420,176
201802,부산광역시,남구,중위소득41~52%미만,부자가족,77,30
201802,부산광역시,남구,중위소득40%미만,조손가족,10,4
201802,부산광역시,남구,중위소득40%미만,청소년모자,36,18
201802,부산광역시,남구,중위소득41~52%미만,청소년모자,2,1
201802,부산광역시,남구,중위소득53~60%미만,청소년모자,2,1
201802,부산광역시,남구,중위소득40%미만,청소년부자,2,1
201802,부산광역시,남구,중위소득41~52%미만,모자가족,362,143
201802,부산광역시,남구,중위소득40%미만,모자가족,1529,625
201802,부산광역시,남구,중위소득53~60%미만,모자가족,2,1
201802,부산광역시,북구,중위소득40%미만,모자가족,2317,923
201802,부산광역시,북구,중위소득40%미만,부자가족,612,246
201802,부산광역시,북구,중위소득41~52%미만,부자가족,61,21
201802,부산광역시,북구,중위소득53~60%미만,부자가족,3,1
201802,부산광역시,북구,중위소득60~72%미만,부자가족,2,1
201802,부산광역시,북구,중위소득40%미만,조손가족,37,17
201802,부산광역시,북구,기타(중위소득72%이상),조손가족,2,1
201802,부산광역시,북구,중위소득40%미만,청소년모자,20,10
201802,부산광역시,북구,기타(중위소득72%이상),청소년모자,1,0
201802,부산광역시,북구,중위소득40%미만,청소년부자,10,5
201802,부산광역시,북구,중위소득41~52%미만,모자가족,375,146
201802,부산광역시,북구,중위소득53~60%미만,모자가족,22,9
201802,부산광역시,북구,중위소득60~72%미만,모자가족,4,2
201802,부산광역시,북구,기타(중위소득72%이상),모자가족,8,2
201802,부산광역시,해운대구,중위소득40%미만,부자가족,696,290
201802,부산광역시,해운대구,중위소득41~52%미만,부자가족,89,35
201802,부산광역시,해운대구,중위소득60~72%미만,부자가족,3,1
201802,부산광역시,해운대구,기타(중위소득72%이상),부자가족,1,0
201802,부산광역시,해운대구,중위소득40%미만,조손가족,21,10
201802,부산광역시,해운대구,중위소득41~52%미만,조손가족,2,1
201802,부산광역시,해운대구,중위소득40%미만,청소년모자,29,14
201802,부산광역시,해운대구,중위소득41~52%미만,청소년모자,6,3
201802,부산광역시,해운대구,중위소득40%미만,청소년부자,6,3
201802,부산광역시,해운대구,중위소득41~52%미만,모자가족,433,180
201802,부산광역시,해운대구,중위소득40%미만,모자가족,2794,1124
201802,부산광역시,해운대구,중위소득53~60%미만,모자가족,14,6
201802,부산광역시,해운대구,기타(중위소득72%이상),모자가족,6,3
201802,부산광역시,사하구,중위소득40%미만,부자가족,612,252
201802,부산광역시,사하구,중위소득41~52%미만,부자가족,72,28
201802,부산광역시,사하구,중위소득53~60%미만,부자가족,5,2
201802,부산광역시,사하구,중위소득60~72%미만,부자가족,4,2
201802,부산광역시,사하구,기타(중위소득72%이상),부자가족,1,1
201802,부산광역시,사하구,중위소득40%미만,청소년모자,31,15
201802,부산광역시,사하구,중위소득41~52%미만,청소년모자,2,1
201802,부산광역시,사하구,중위소득40%미만,청소년부자,2,1
201802,부산광역시,사하구,중위소득41~52%미만,모자가족,489,197
201802,부산광역시,사하구,중위소득40%미만,모자가족,2533,1053
201802,부산광역시,사하구,중위소득53~60%미만,모자가족,42,18
201802,부산광역시,사하구,중위소득60~72%미만,모자가족,4,3
201802,부산광역시,사하구,기타(중위소득72%이상),모자가족,13,5
201802,부산광역시,금정구,중위소득40%미만,부자가족,474,191
201802,부산광역시,금정구,중위소득41~52%미만,부자가족,45,20
201802,부산광역시,금정구,중위소득53~60%미만,부자가족,2,1
201802,부산광역시,금정구,기타(중위소득72%이상),부자가족,3,1
201802,부산광역시,금정구,중위소득40%미만,조손가족,2,1
201802,부산광역시,금정구,중위소득40%미만,청소년모자,30,15
201802,부산광역시,금정구,중위소득41~52%미만,청소년모자,4,2
201802,부산광역시,금정구,중위소득40%미만,청소년부자,2,1
201802,부산광역시,금정구,중위소득41~52%미만,모자가족,303,122
201802,부산광역시,금정구,중위소득40%미만,모자가족,1432,581
201802,부산광역시,금정구,중위소득53~60%미만,모자가족,17,8
201802,부산광역시,금정구,중위소득60~72%미만,모자가족,2,1
201802,부산광역시,금정구,기타(중위소득72%이상),모자가족,1,1
201802,부산광역시,강서구,중위소득40%미만,부자가족,115,46
201802,부산광역시,강서구,중위소득41~52%미만,부자가족,10,4
201802,부산광역시,강서구,중위소득40%미만,모자가족,346,135
201802,부산광역시,강서구,중위소득40%미만,청소년모자,4,2
201802,부산광역시,강서구,중위소득41~52%미만,모자가족,65,26
201802,부산광역시,강서구,중위소득53~60%미만,모자가족,8,3
201802,부산광역시,강서구,기타(중위소득72%이상),모자가족,2,1
201802,부산광역시,연제구,중위소득40%미만,부자가족,230,97
201802,부산광역시,연제구,중위소득41~52%미만,부자가족,24,11
201802,부산광역시,연제구,중위소득40%미만,모자가족,1086,451
201802,부산광역시,연제구,기타(중위소득72%이상),부자가족,2,1
201802,부산광역시,연제구,중위소득40%미만,청소년모자,17,11
201802,부산광역시,연제구,중위소득41~52%미만,모자가족,218,91
201802,부산광역시,연제구,중위소득40%미만,청소년부자,6,3
201802,부산광역시,연제구,중위소득53~60%미만,모자가족,2,1
201802,부산광역시,수영구,기타(중위소득72%이상),모자가족,4,2
201802,부산광역시,수영구,중위소득40%미만,부자가족,272,117
201802,부산광역시,수영구,중위소득41~52%미만,부자가족,48,21
201802,부산광역시,수영구,중위소득40%미만,조손가족,3,1
201802,부산광역시,수영구,중위소득40%미만,청소년모자,8,4
201802,부산광역시,수영구,중위소득40%미만,모자가족,938,385
201802,부산광역시,수영구,중위소득41~52%미만,모자가족,143,64
201802,부산광역시,수영구,중위소득53~60%미만,모자가족,10,4
201802,부산광역시,수영구,중위소득60~72%미만,모자가족,4,2
201802,부산광역시,사상구,기타(중위소득72%이상),모자가족,3,2
201802,부산광역시,사상구,중위소득40%미만,부자가족,281,114
201802,부산광역시,사상구,중위소득40%미만,모자가족,1322,536
201802,부산광역시,사상구,중위소득41~52%미만,부자가족,60,24
201802,부산광역시,사상구,기타(중위소득72%이상),부자가족,3,1
201802,부산광역시,사상구,중위소득40%미만,조손가족,16,6
201802,부산광역시,사상구,중위소득40%미만,청소년모자,28,14
201802,부산광역시,사상구,중위소득41~52%미만,청소년모자,2,1
201802,부산광역시,사상구,중위소득40%미만,청소년부자,4,2
201802,부산광역시,사상구,중위소득60~72%미만,청소년부자,2,1
201802,부산광역시,사상구,중위소득41~52%미만,모자가족,246,103
201802,부산광역시,사상구,중위소득53~60%미만,모자가족,17,8
201802,부산광역시,사상구,중위소득60~72%미만,모자가족,4,2
201802,부산광역시,기장군,중위소득40%미만,부자가족,333,134
201802,부산광역시,기장군,중위소득41~52%미만,부자가족,40,17
201802,부산광역시,기장군,중위소득53~60%미만,부자가족,4,2
201802,부산광역시,기장군,기타(중위소득72%이상),부자가족,1,0
201802,부산광역시,기장군,중위소득40%미만,조손가족,16,8
201802,부산광역시,기장군,중위소득40%미만,청소년모자,17,9
201802,부산광역시,기장군,중위소득40%미만,청소년부자,2,1
201802,부산광역시,기장군,중위소득41~52%미만,모자가족,231,92
201802,부산광역시,기장군,중위소득40%미만,모자가족,1295,508
201802,부산광역시,기장군,중위소득53~60%미만,모자가족,5,2
201802,부산광역시,기장군,기타(중위소득72%이상),모자가족,2,1
201802,대구광역시,중구,중위소득40%미만,부자가족,170,71
201802,대구광역시,중구,중위소득40%미만,모자가족,492,214
201802,대구광역시,중구,중위소득41~52%미만,부자가족,21,9
201802,대구광역시,중구,중위소득53~60%미만,부자가족,2,1
201802,대구광역시,중구,기타(중위소득72%이상),부자가족,1,0
201802,대구광역시,중구,중위소득40%미만,조손가족,5,2
201802,대구광역시,중구,중위소득40%미만,청소년모자,7,3
201802,대구광역시,중구,중위소득41~52%미만,청소년모자,2,1
201802,대구광역시,중구,중위소득41~52%미만,모자가족,65,27
201802,대구광역시,중구,중위소득60~72%미만,모자가족,4,2
201802,대구광역시,중구,기타(중위소득72%이상),모자가족,4,3
201802,대구광역시,동구,중위소득40%미만,부자가족,673,271
201802,대구광역시,동구,중위소득41~52%미만,부자가족,84,34
201802,대구광역시,동구,중위소득53~60%미만,부자가족,10,4
201802,대구광역시,동구,중위소득40%미만,조손가족,6,3
201802,대구광역시,동구,중위소득40%미만,청소년모자,55,26
201802,대구광역시,동구,중위소득40%미만,청소년부자,4,2
201802,대구광역시,동구,중위소득41~52%미만,모자가족,391,160
201802,대구광역시,동구,중위소득40%미만,모자가족,2505,1010
201802,대구광역시,동구,중위소득53~60%미만,모자가족,9,4
201802,대구광역시,동구,중위소득60~72%미만,모자가족,4,2
201802,대구광역시,동구,기타(중위소득72%이상),모자가족,5,5
201802,대구광역시,서구,중위소득40%미만,부자가족,594,240
201802,대구광역시,서구,중위소득41~52%미만,부자가족,76,34
201802,대구광역시,서구,중위소득53~60%미만,부자가족,2,1
201802,대구광역시,서구,중위소득40%미만,모자가족,2040,881
201802,대구광역시,서구,기타(중위소득72%이상),부자가족,1,1
201802,대구광역시,서구,중위소득40%미만,조손가족,5,4
201802,대구광역시,서구,중위소득40%미만,청소년모자,41,26
201802,대구광역시,서구,중위소득41~52%미만,청소년모자,4,2
201802,대구광역시,서구,중위소득40%미만,청소년부자,10,5
201802,대구광역시,서구,중위소득41~52%미만,모자가족,296,124
201802,대구광역시,서구,중위소득53~60%미만,모자가족,2,1
201802,대구광역시,서구,중위소득60~72%미만,모자가족,2,1
201802,대구광역시,남구,기타(중위소득72%이상),모자가족,1,0
201802,대구광역시,남구,중위소득40%미만,부자가족,595,245
201802,대구광역시,남구,중위소득41~52%미만,부자가족,59,24
201802,대구광역시,남구,중위소득53~60%미만,부자가족,2,1
201802,대구광역시,남구,중위소득40%미만,조손가족,11,5
201802,대구광역시,남구,중위소득40%미만,청소년모자,22,11
201802,대구광역시,남구,중위소득40%미만,모자가족,1997,840
201802,대구광역시,남구,중위소득40%미만,청소년부자,4,2
201802,대구광역시,남구,중위소득41~52%미만,모자가족,277,115
201802,대구광역시,남구,중위소득53~60%미만,모자가족,2,1
201802,대구광역시,남구,중위소득60~72%미만,모자가족,6,2
201802,대구광역시,북구,기타(중위소득72%이상),모자가족,9,4
201802,대구광역시,북구,중위소득40%미만,부자가족,778,316
201802,대구광역시,북구,중위소득41~52%미만,부자가족,127,49
201802,대구광역시,북구,기타(중위소득72%이상),부자가족,2,1
201802,대구광역시,북구,중위소득40%미만,조손가족,11,5
201802,대구광역시,북구,중위소득40%미만,청소년모자,18,9
201802,대구광역시,북구,중위소득40%미만,청소년부자,8,3
201802,대구광역시,북구,중위소득41~52%미만,모자가족,552,223
201802,대구광역시,북구,중위소득53~60%미만,모자가족,15,6
201802,대구광역시,북구,중위소득60~72%미만,모자가족,10,4
201802,대구광역시,북구,중위소득40%미만,모자가족,3019,1209
201802,대구광역시,수성구,기타(중위소득72%이상),모자가족,17,7
201802,대구광역시,수성구,중위소득40%미만,부자가족,771,326
201802,대구광역시,수성구,중위소득41~52%미만,부자가족,70,29
201802,대구광역시,수성구,중위소득40%미만,모자가족,3131,1320
201802,대구광역시,수성구,중위소득40%미만,조손가족,13,6
201802,대구광역시,수성구,중위소득41~52%미만,조손가족,3,1
201802,대구광역시,수성구,중위소득40%미만,청소년모자,35,19
201802,대구광역시,수성구,중위소득41~52%미만,청소년모자,2,1
201802,대구광역시,수성구,중위소득41~52%미만,청소년부자,2,1
201802,대구광역시,수성구,중위소득41~52%미만,모자가족,387,160
201802,대구광역시,수성구,중위소득53~60%미만,모자가족,5,2
201802,대구광역시,수성구,중위소득60~72%미만,모자가족,10,4
201802,대구광역시,달서구,중위소득40%미만,부자가족,1113,463
201802,대구광역시,달서구,중위소득41~52%미만,부자가족,109,43
201802,대구광역시,달서구,중위소득53~60%미만,부자가족,7,2
201802,대구광역시,달서구,중위소득60~72%미만,부자가족,3,1
201802,대구광역시,달서구,중위소득40%미만,모자가족,4659,1937
201802,대구광역시,달서구,중위소득40%미만,조손가족,5,2
201802,대구광역시,달서구,중위소득40%미만,청소년모자,78,39
201802,대구광역시,달서구,중위소득40%미만,청소년부자,6,3
201802,대구광역시,달서구,중위소득41~52%미만,모자가족,625,260
201802,대구광역시,달서구,중위소득53~60%미만,모자가족,27,13
201802,대구광역시,달서구,중위소득60~72%미만,모자가족,5,3
201802,대구광역시,달서구,기타(중위소득72%이상),모자가족,10,4
201802,대구광역시,달성군,중위소득40%미만,부자가족,324,131
201802,대구광역시,달성군,중위소득41~52%미만,부자가족,36,14
201802,대구광역시,달성군,중위소득40%미만,조손가족,14,6
201802,대구광역시,달성군,중위소득40%미만,청소년모자,23,11
201802,대구광역시,달성군,중위소득40%미만,청소년부자,2,1
201802,대구광역시,달성군,중위소득40%미만,모자가족,1366,544
201802,대구광역시,달성군,중위소득41~52%미만,모자가족,185,74
201802,대구광역시,달성군,기타(중위소득72%이상),모자가족,2,1
201802,인천광역시,중구,중위소득40%미만,부자가족,121,48
201802,인천광역시,중구,중위소득41~52%미만,부자가족,28,12
201802,인천광역시,중구,중위소득53~60%미만,부자가족,2,1
201802,인천광역시,중구,중위소득40%미만,조손가족,6,3
201802,인천광역시,중구,중위소득40%미만,청소년모자,7,3
201802,인천광역시,중구,중위소득41~52%미만,청소년모자,2,1
201802,인천광역시,중구,중위소득41~52%미만,모자가족,110,45
201802,인천광역시,중구,중위소득53~60%미만,모자가족,4,2
201802,인천광역시,중구,중위소득40%미만,모자가족,583,228
201802,인천광역시,동구,중위소득40%미만,부자가족,121,50
201802,인천광역시,동구,중위소득41~52%미만,부자가족,29,10
201802,인천광역시,동구,중위소득53~60%미만,부자가족,2,1
201802,인천광역시,동구,기타(중위소득72%이상),부자가족,1,0
201802,인천광역시,동구,중위소득40%미만,조손가족,6,3
201802,인천광역시,동구,중위소득40%미만,모자가족,462,185
201802,인천광역시,동구,기타(중위소득72%이상),조손가족,3,1
201802,인천광역시,동구,중위소득40%미만,청소년모자,11,5
201802,인천광역시,동구,중위소득40%미만,청소년부자,2,1
201802,인천광역시,동구,중위소득41~52%미만,모자가족,132,54
201802,인천광역시,동구,중위소득53~60%미만,모자가족,2,1
201802,인천광역시,동구,중위소득60~72%미만,모자가족,2,1
201802,인천광역시,남구,기타(중위소득72%이상),모자가족,6,2
201802,인천광역시,남구,중위소득40%미만,모자가족,3398,1384
201802,인천광역시,남구,중위소득40%미만,부자가족,860,361
201802,인천광역시,남구,중위소득41~52%미만,부자가족,124,51
201802,인천광역시,남구,중위소득40%미만,조손가족,12,6
201802,인천광역시,남구,중위소득40%미만,청소년모자,126,61
201802,인천광역시,남구,중위소득40%미만,청소년부자,14,6
201802,인천광역시,남구,중위소득41~52%미만,청소년부자,2,1
201802,인천광역시,남구,중위소득41~52%미만,모자가족,659,264
201802,인천광역시,남구,중위소득53~60%미만,모자가족,19,9
201802,인천광역시,남구,중위소득60~72%미만,모자가족,4,2
201802,인천광역시,연수구,기타(중위소득72%이상),모자가족,18,7
201802,인천광역시,연수구,중위소득40%미만,부자가족,436,192
201802,인천광역시,연수구,중위소득40%미만,모자가족,1994,843
201802,인천광역시,연수구,중위소득41~52%미만,부자가족,54,21
201802,인천광역시,연수구,중위소득60~72%미만,부자가족,2,1
201802,인천광역시,연수구,기타(중위소득72%이상),부자가족,4,3
201802,인천광역시,연수구,중위소득40%미만,조손가족,13,6
201802,인천광역시,연수구,중위소득40%미만,청소년모자,65,39
201802,인천광역시,연수구,중위소득41~52%미만,모자가족,330,137
201802,인천광역시,연수구,중위소득40%미만,청소년부자,4,3
201802,인천광역시,연수구,중위소득53~60%미만,모자가족,13,7
201802,인천광역시,연수구,중위소득60~72%미만,모자가족,2,1
201802,인천광역시,남동구,기타(중위소득72%이상),모자가족,29,14
201802,인천광역시,남동구,중위소득40%미만,부자가족,991,399
201802,인천광역시,남동구,중위소득41~52%미만,부자가족,145,60
201802,인천광역시,남동구,중위소득53~60%미만,부자가족,3,1
201802,인천광역시,남동구,중위소득60~72%미만,부자가족,2,1
201802,인천광역시,남동구,중위소득40%미만,모자가족,4633,1835
201802,인천광역시,남동구,기타(중위소득72%이상),부자가족,6,4
201802,인천광역시,남동구,중위소득40%미만,조손가족,11,5
201802,인천광역시,남동구,중위소득40%미만,청소년모자,78,37
201802,인천광역시,남동구,중위소득41~52%미만,모자가족,794,318
201802,인천광역시,남동구,중위소득40%미만,청소년부자,8,4
201802,인천광역시,남동구,중위소득53~60%미만,모자가족,20,9
201802,인천광역시,남동구,중위소득60~72%미만,모자가족,14,7
201802,인천광역시,부평구,중위소득40%미만,모자가족,4061,1639
201802,인천광역시,부평구,중위소득40%미만,부자가족,1101,443
201802,인천광역시,부평구,중위소득41~52%미만,부자가족,197,82
201802,인천광역시,부평구,중위소득53~60%미만,부자가족,8,3
201802,인천광역시,부평구,중위소득60~72%미만,부자가족,5,2
201802,인천광역시,부평구,기타(중위소득72%이상),부자가족,8,5
201802,인천광역시,부평구,중위소득40%미만,조손가족,17,6
201802,인천광역시,부평구,중위소득40%미만,청소년모자,50,25
201802,인천광역시,부평구,중위소득41~52%미만,청소년모자,6,2
201802,인천광역시,부평구,중위소득40%미만,청소년부자,5,2
201802,인천광역시,부평구,중위소득41~52%미만,모자가족,911,366
201802,인천광역시,부평구,중위소득53~60%미만,모자가족,34,14
201802,인천광역시,부평구,중위소득60~72%미만,모자가족,14,6
201802,인천광역시,부평구,기타(중위소득72%이상),모자가족,16,6
201802,인천광역시,계양구,기타(중위소득72%이상),모자가족,5,2
201802,인천광역시,계양구,중위소득40%미만,부자가족,620,249
201802,인천광역시,계양구,중위소득41~52%미만,부자가족,117,47
201802,인천광역시,계양구,기타(중위소득72%이상),부자가족,3,1
201802,인천광역시,계양구,중위소득40%미만,조손가족,4,2
201802,인천광역시,계양구,중위소득40%미만,청소년모자,31,15
201802,인천광역시,계양구,중위소득40%미만,모자가족,2704,1064
201802,인천광역시,계양구,중위소득41~52%미만,모자가족,581,231
201802,인천광역시,계양구,중위소득40%미만,청소년부자,2,1
201802,인천광역시,계양구,중위소득53~60%미만,모자가족,6,3
201802,인천광역시,계양구,중위소득60~72%미만,모자가족,3,1
201802,인천광역시,서구,기타(중위소득72%이상),모자가족,4,1
201802,인천광역시,서구,중위소득40%미만,부자가족,800,317
201802,인천광역시,서구,중위소득40%미만,모자가족,3104,1224
201802,인천광역시,서구,중위소득41~52%미만,부자가족,163,63
201802,인천광역시,서구,중위소득53~60%미만,부자가족,3,1
201802,인천광역시,서구,기타(중위소득72%이상),부자가족,3,1
201802,인천광역시,서구,중위소득40%미만,조손가족,12,5
201802,인천광역시,서구,중위소득41~52%미만,조손가족,3,1
201802,인천광역시,서구,중위소득40%미만,청소년모자,63,31
201802,인천광역시,서구,중위소득41~52%미만,청소년모자,2,1
201802,인천광역시,서구,중위소득40%미만,청소년부자,11,5
201802,인천광역시,서구,중위소득41~52%미만,모자가족,747,294
201802,인천광역시,서구,중위소득53~60%미만,모자가족,18,8
201802,인천광역시,강화군,기타(중위소득72%이상),모자가족,2,1
201802,인천광역시,강화군,중위소득40%미만,부자가족,97,39
201802,인천광역시,강화군,중위소득41~52%미만,부자가족,30,11
201802,인천광역시,강화군,중위소득53~60%미만,부자가족,2,1
201802,인천광역시,강화군,중위소득40%미만,조손가족,4,2
201802,인천광역시,강화군,중위소득40%미만,모자가족,289,112
201802,인천광역시,강화군,중위소득40%미만,청소년모자,11,5
201802,인천광역시,강화군,중위소득40%미만,청소년부자,2,1
201802,인천광역시,강화군,중위소득41~52%미만,모자가족,78,29
201802,인천광역시,강화군,중위소득53~60%미만,모자가족,3,1
201802,인천광역시,강화군,중위소득60~72%미만,모자가족,4,2
201802,인천광역시,옹진군,중위소득40%미만,부자가족,27,11
201802,인천광역시,옹진군,중위소득41~52%미만,부자가족,7,3
201802,인천광역시,옹진군,중위소득40%미만,모자가족,55,22
201802,인천광역시,옹진군,중위소득53~60%미만,부자가족,2,1
201802,인천광역시,옹진군,중위소득40%미만,조손가족,4,2
201802,인천광역시,옹진군,중위소득41~52%미만,모자가족,24,10
201802,광주광역시,동구,기타(중위소득72%이상),모자가족,6,2
201802,광주광역시,동구,중위소득40%미만,부자가족,179,72
201802,광주광역시,동구,중위소득41~52%미만,부자가족,38,16
201802,광주광역시,동구,중위소득60~72%미만,부자가족,2,1
201802,광주광역시,동구,기타(중위소득72%이상),부자가족,4,2
201802,광주광역시,동구,중위소득40%미만,모자가족,495,205
201802,광주광역시,동구,중위소득40%미만,조손가족,2,1
201802,광주광역시,동구,중위소득40%미만,청소년모자,20,11
201802,광주광역시,동구,중위소득41~52%미만,모자가족,66,27
201802,광주광역시,동구,중위소득40%미만,청소년부자,4,2
201802,광주광역시,동구,중위소득53~60%미만,모자가족,7,3
201802,광주광역시,서구,기타(중위소득72%이상),모자가족,7,3
201802,광주광역시,서구,중위소득40%미만,부자가족,598,238
201802,광주광역시,서구,중위소득41~52%미만,부자가족,93,38
201802,광주광역시,서구,중위소득40%미만,모자가족,2359,928
201802,광주광역시,서구,중위소득53~60%미만,부자가족,2,1
201802,광주광역시,서구,중위소득60~72%미만,부자가족,3,1
201802,광주광역시,서구,기타(중위소득72%이상),부자가족,13,5
201802,광주광역시,서구,중위소득40%미만,조손가족,3,1
201802,광주광역시,서구,중위소득40%미만,청소년모자,46,21
201802,광주광역시,서구,중위소득41~52%미만,청소년모자,6,3
201802,광주광역시,서구,중위소득41~52%미만,모자가족,359,143
201802,광주광역시,서구,중위소득40%미만,청소년부자,7,3
201802,광주광역시,서구,중위소득53~60%미만,모자가족,15,6
201802,광주광역시,서구,중위소득60~72%미만,모자가족,4,2
201802,광주광역시,남구,중위소득40%미만,부자가족,548,220
201802,광주광역시,남구,중위소득41~52%미만,부자가족,70,28
201802,광주광역시,남구,중위소득53~60%미만,부자가족,2,1
201802,광주광역시,남구,기타(중위소득72%이상),부자가족,3,1
201802,광주광역시,남구,중위소득41~52%미만,조손가족,3,1
201802,광주광역시,남구,중위소득40%미만,청소년모자,34,17
201802,광주광역시,남구,중위소득40%미만,청소년부자,8,4
201802,광주광역시,남구,중위소득41~52%미만,모자가족,276,112
201802,광주광역시,남구,중위소득53~60%미만,모자가족,14,6
201802,광주광역시,남구,중위소득40%미만,모자가족,2124,889
201802,광주광역시,남구,중위소득60~72%미만,모자가족,7,3
201802,광주광역시,북구,중위소득40%미만,부자가족,985,399
201802,광주광역시,북구,중위소득41~52%미만,부자가족,170,72
201802,광주광역시,북구,중위소득53~60%미만,부자가족,8,2
201802,광주광역시,북구,기타(중위소득72%이상),부자가족,2,1
201802,광주광역시,북구,중위소득40%미만,조손가족,12,5
201802,광주광역시,북구,중위소득40%미만,청소년모자,55,28
201802,광주광역시,북구,중위소득40%미만,청소년부자,11,5
201802,광주광역시,북구,중위소득41~52%미만,모자가족,709,282
201802,광주광역시,북구,중위소득40%미만,모자가족,3361,1317
201802,광주광역시,북구,중위소득53~60%미만,모자가족,8,4
201802,광주광역시,북구,중위소득60~72%미만,모자가족,2,1
201802,광주광역시,북구,기타(중위소득72%이상),모자가족,17,6
201802,광주광역시,광산구,기타(중위소득72%이상),모자가족,2,1
201802,광주광역시,광산구,중위소득40%미만,부자가족,971,377
201802,광주광역시,광산구,중위소득41~52%미만,부자가족,114,47
201802,광주광역시,광산구,중위소득53~60%미만,부자가족,4,2
201802,광주광역시,광산구,중위소득60~72%미만,부자가족,2,1
201802,광주광역시,광산구,중위소득40%미만,모자가족,3272,1270
201802,광주광역시,광산구,중위소득40%미만,조손가족,3,1
201802,광주광역시,광산구,중위소득40%미만,청소년모자,61,32
201802,광주광역시,광산구,중위소득41~52%미만,청소년모자,2,1
201802,광주광역시,광산구,중위소득40%미만,청소년부자,13,6
201802,광주광역시,광산구,중위소득41~52%미만,모자가족,613,253
201802,광주광역시,광산구,중위소득53~60%미만,모자가족,10,4
201802,광주광역시,광산구,중위소득60~72%미만,모자가족,4,1
201802,대전광역시,동구,기타(중위소득72%이상),모자가족,8,3
201802,대전광역시,동구,중위소득40%미만,부자가족,670,264
201802,대전광역시,동구,중위소득41~52%미만,부자가족,79,32
201802,대전광역시,동구,중위소득40%미만,모자가족,2361,932
201802,대전광역시,동구,중위소득40%미만,조손가족,13,6
201802,대전광역시,동구,중위소득40%미만,청소년모자,57,28
201802,대전광역시,동구,중위소득41~52%미만,청소년모자,2,1
201802,대전광역시,동구,중위소득40%미만,청소년부자,10,5
201802,대전광역시,동구,중위소득41~52%미만,모자가족,321,127
201802,대전광역시,동구,중위소득53~60%미만,모자가족,12,5
201802,대전광역시,동구,중위소득60~72%미만,모자가족,3,1
201802,대전광역시,중구,중위소득40%미만,부자가족,661,263
201802,대전광역시,중구,중위소득40%미만,모자가족,2274,919
201802,대전광역시,중구,중위소득41~52%미만,부자가족,71,30
201802,대전광역시,중구,중위소득53~60%미만,부자가족,3,1
201802,대전광역시,중구,중위소득40%미만,조손가족,16,6
201802,대전광역시,중구,중위소득40%미만,청소년모자,64,33
201802,대전광역시,중구,중위소득40%미만,청소년부자,12,6
201802,대전광역시,중구,중위소득41~52%미만,모자가족,282,118
201802,대전광역시,중구,중위소득53~60%미만,모자가족,15,6
201802,대전광역시,중구,중위소득60~72%미만,모자가족,6,3
201802,대전광역시,중구,기타(중위소득72%이상),모자가족,14,5
201802,대전광역시,서구,기타(중위소득72%이상),모자가족,20,8
201802,대전광역시,서구,중위소득40%미만,부자가족,757,305
201802,대전광역시,서구,중위소득41~52%미만,부자가족,96,40
201802,대전광역시,서구,중위소득40%미만,모자가족,3538,1422
201802,대전광역시,서구,중위소득53~60%미만,부자가족,2,1
201802,대전광역시,서구,기타(중위소득72%이상),부자가족,1,0
201802,대전광역시,서구,중위소득40%미만,조손가족,3,1
201802,대전광역시,서구,중위소득40%미만,청소년모자,81,43
201802,대전광역시,서구,중위소득41~52%미만,청소년모자,5,2
201802,대전광역시,서구,중위소득40%미만,청소년부자,10,5
201802,대전광역시,서구,중위소득41~52%미만,모자가족,592,235
201802,대전광역시,서구,중위소득53~60%미만,모자가족,10,4
201802,대전광역시,서구,중위소득60~72%미만,모자가족,10,5
201802,대전광역시,유성구,기타(중위소득72%이상),모자가족,9,3
201802,대전광역시,유성구,중위소득40%미만,부자가족,323,133
201802,대전광역시,유성구,중위소득40%미만,모자가족,1404,553
201802,대전광역시,유성구,중위소득41~52%미만,부자가족,45,19
201802,대전광역시,유성구,중위소득60~72%미만,부자가족,2,1
201802,대전광역시,유성구,기타(중위소득72%이상),부자가족,2,1
201802,대전광역시,유성구,중위소득40%미만,조손가족,14,5
201802,대전광역시,유성구,중위소득40%미만,청소년모자,22,11
201802,대전광역시,유성구,중위소득40%미만,청소년부자,2,1
201802,대전광역시,유성구,중위소득41~52%미만,모자가족,206,85
201802,대전광역시,유성구,중위소득53~60%미만,모자가족,9,4
201802,대전광역시,유성구,중위소득60~72%미만,모자가족,2,1
201802,대전광역시,대덕구,중위소득40%미만,모자가족,1709,671
201802,대전광역시,대덕구,중위소득40%미만,부자가족,528,212
201802,대전광역시,대덕구,중위소득41~52%미만,부자가족,99,42
201802,대전광역시,대덕구,중위소득53~60%미만,부자가족,2,1
201802,대전광역시,대덕구,중위소득60~72%미만,부자가족,3,1
201802,대전광역시,대덕구,중위소득40%미만,조손가족,10,4
201802,대전광역시,대덕구,중위소득41~52%미만,조손가족,4,2
201802,대전광역시,대덕구,중위소득40%미만,청소년모자,20,9
201802,대전광역시,대덕구,중위소득41~52%미만,청소년모자,4,2
201802,대전광역시,대덕구,중위소득60~72%미만,청소년모자,2,1
201802,대전광역시,대덕구,중위소득41~52%미만,모자가족,347,134
201802,대전광역시,대덕구,중위소득53~60%미만,모자가족,8,4
201802,대전광역시,대덕구,중위소득60~72%미만,모자가족,6,3
201802,대전광역시,대덕구,기타(중위소득72%이상),모자가족,1,1
201802,울산광역시,중구,기타(중위소득72%이상),모자가족,4,2
201802,울산광역시,중구,중위소득40%미만,부자가족,310,126
201802,울산광역시,중구,중위소득41~52%미만,부자가족,46,18
201802,울산광역시,중구,중위소득40%미만,모자가족,1246,512
201802,울산광역시,중구,중위소득60~72%미만,부자가족,2,1
201802,울산광역시,중구,기타(중위소득72%이상),부자가족,2,1
201802,울산광역시,중구,중위소득40%미만,조손가족,4,2
201802,울산광역시,중구,중위소득40%미만,청소년모자,18,9
201802,울산광역시,중구,중위소득41~52%미만,청소년모자,2,1
201802,울산광역시,중구,중위소득41~52%미만,모자가족,249,106
201802,울산광역시,중구,중위소득40%미만,청소년부자,2,1
201802,울산광역시,중구,중위소득53~60%미만,모자가족,7,3
201802,울산광역시,중구,중위소득60~72%미만,모자가족,5,2
201802,울산광역시,남구,기타(중위소득72%이상),모자가족,5,2
201802,울산광역시,남구,중위소득40%미만,부자가족,274,117
201802,울산광역시,남구,중위소득41~52%미만,부자가족,70,28
201802,울산광역시,남구,중위소득40%미만,조손가족,4,2
201802,울산광역시,남구,중위소득40%미만,청소년모자,33,18
201802,울산광역시,남구,중위소득40%미만,모자가족,1287,519
201802,울산광역시,남구,중위소득40%미만,청소년부자,2,1
201802,울산광역시,남구,중위소득41~52%미만,모자가족,324,137
201802,울산광역시,동구,중위소득40%미만,부자가족,152,62
201802,울산광역시,동구,중위소득41~52%미만,부자가족,30,11
201802,울산광역시,동구,중위소득40%미만,조손가족,2,1
201802,울산광역시,동구,중위소득40%미만,청소년모자,15,7
201802,울산광역시,동구,중위소득40%미만,청소년부자,2,1
201802,울산광역시,동구,중위소득41~52%미만,모자가족,139,57
201802,울산광역시,동구,중위소득53~60%미만,모자가족,2,1
201802,울산광역시,동구,중위소득60~72%미만,모자가족,3,1
201802,울산광역시,동구,중위소득40%미만,모자가족,731,291
201802,울산광역시,북구,중위소득40%미만,부자가족,151,60
201802,울산광역시,북구,중위소득41~52%미만,부자가족,21,8
201802,울산광역시,북구,기타(중위소득72%이상),부자가족,3,1
201802,울산광역시,북구,중위소득40%미만,조손가족,3,1
201802,울산광역시,북구,중위소득40%미만,청소년모자,16,9
201802,울산광역시,북구,중위소득40%미만,모자가족,625,241
201802,울산광역시,북구,중위소득41~52%미만,모자가족,173,67
201802,울산광역시,북구,중위소득53~60%미만,모자가족,2,1
201802,울산광역시,울주군,기타(중위소득72%이상),모자가족,3,1
201802,울산광역시,울주군,중위소득40%미만,부자가족,252,100
201802,울산광역시,울주군,중위소득41~52%미만,부자가족,46,19
201802,울산광역시,울주군,중위소득40%미만,모자가족,877,346
201802,울산광역시,울주군,기타(중위소득72%이상),부자가족,1,0
201802,울산광역시,울주군,중위소득40%미만,조손가족,16,6
201802,울산광역시,울주군,중위소득40%미만,청소년모자,16,9
201802,울산광역시,울주군,중위소득41~52%미만,모자가족,227,84
201802,울산광역시,울주군,중위소득40%미만,청소년부자,7,3
201802,울산광역시,울주군,중위소득60~72%미만,모자가족,3,1
201802,세종특별자치시,세종특별자치시,중위소득40%미만,모자가족,828,311
201802,세종특별자치시,세종특별자치시,중위소득40%미만,부자가족,277,109
201802,세종특별자치시,세종특별자치시,중위소득41~52%미만,부자가족,63,25
201802,세종특별자치시,세종특별자치시,중위소득53~60%미만,부자가족,2,1
201802,세종특별자치시,세종특별자치시,기타(중위소득72%이상),부자가족,5,2
201802,세종특별자치시,세종특별자치시,중위소득40%미만,조손가족,21,9
201802,세종특별자치시,세종특별자치시,중위소득41~52%미만,조손가족,2,1
201802,세종특별자치시,세종특별자치시,중위소득40%미만,청소년모자,18,9
201802,세종특별자치시,세종특별자치시,중위소득40%미만,청소년부자,3,1
201802,세종특별자치시,세종특별자치시,중위소득41~52%미만,모자가족,147,55
201802,세종특별자치시,세종특별자치시,중위소득53~60%미만,모자가족,2,1
201802,세종특별자치시,세종특별자치시,중위소득60~72%미만,모자가족,2,1
201802,세종특별자치시,세종특별자치시,기타(중위소득72%이상),모자가족,6,2
201802,경기도,수원시,중위소득40%미만,모자가족,4667,1831
201802,경기도,수원시,중위소득40%미만,부자가족,1036,414
201802,경기도,수원시,중위소득41~52%미만,부자가족,206,81
201802,경기도,수원시,중위소득53~60%미만,부자가족,4,2
201802,경기도,수원시,기타(중위소득72%이상),부자가족,9,4
201802,경기도,수원시,중위소득40%미만,조손가족,22,9
201802,경기도,수원시,중위소득41~52%미만,조손가족,6,2
201802,경기도,수원시,중위소득40%미만,청소년모자,130,62
201802,경기도,수원시,중위소득41~52%미만,청소년모자,6,3
201802,경기도,수원시,중위소득53~60%미만,청소년모자,2,1
201802,경기도,수원시,중위소득60~72%미만,청소년모자,2,1
201802,경기도,수원시,중위소득40%미만,청소년부자,10,5
201802,경기도,수원시,중위소득41~52%미만,모자가족,910,361
201802,경기도,수원시,중위소득53~60%미만,모자가족,10,5
201802,경기도,수원시,중위소득60~72%미만,모자가족,15,6
201802,경기도,수원시,기타(중위소득72%이상),모자가족,21,10
201802,경기도,성남시,중위소득40%미만,부자가족,1225,496
201802,경기도,성남시,중위소득41~52%미만,부자가족,252,101
201802,경기도,성남시,중위소득53~60%미만,부자가족,4,2
201802,경기도,성남시,중위소득60~72%미만,부자가족,2,1
201802,경기도,성남시,기타(중위소득72%이상),부자가족,5,1
201802,경기도,성남시,중위소득40%미만,조손가족,26,11
201802,경기도,성남시,기타(중위소득72%이상),조손가족,1,0
201802,경기도,성남시,중위소득40%미만,청소년모자,95,47
201802,경기도,성남시,중위소득41~52%미만,청소년모자,10,5
201802,경기도,성남시,중위소득53~60%미만,청소년모자,2,1
201802,경기도,성남시,중위소득40%미만,청소년부자,18,8
201802,경기도,성남시,중위소득41~52%미만,모자가족,1049,418
201802,경기도,성남시,중위소득40%미만,모자가족,4359,1723
201802,경기도,성남시,중위소득53~60%미만,모자가족,26,11
201802,경기도,성남시,중위소득60~72%미만,모자가족,19,8
201802,경기도,성남시,기타(중위소득72%이상),모자가족,36,14
201802,경기도,의정부시,기타(중위소득72%이상),모자가족,23,10
201802,경기도,의정부시,중위소득40%미만,부자가족,977,394
201802,경기도,의정부시,중위소득41~52%미만,부자가족,177,73
201802,경기도,의정부시,중위소득53~60%미만,부자가족,8,4
201802,경기도,의정부시,중위소득60~72%미만,부자가족,2,1
201802,경기도,의정부시,중위소득40%미만,조손가족,18,8
201802,경기도,의정부시,중위소득40%미만,청소년모자,50,24
201802,경기도,의정부시,중위소득40%미만,모자가족,3562,1390
201802,경기도,의정부시,중위소득40%미만,청소년부자,10,5
201802,경기도,의정부시,중위소득41~52%미만,모자가족,616,258
201802,경기도,의정부시,중위소득53~60%미만,모자가족,37,17
201802,경기도,의정부시,중위소득60~72%미만,모자가족,4,2
201802,경기도,안양시,기타(중위소득72%이상),모자가족,4,2
201802,경기도,안양시,중위소득40%미만,부자가족,604,236
201802,경기도,안양시,중위소득41~52%미만,부자가족,82,34
201802,경기도,안양시,중위소득60~72%미만,부자가족,2,1
201802,경기도,안양시,기타(중위소득72%이상),부자가족,1,1
201802,경기도,안양시,중위소득40%미만,조손가족,33,13
201802,경기도,안양시,중위소득40%미만,청소년모자,30,15
201802,경기도,안양시,중위소득40%미만,모자가족,1957,797
201802,경기도,안양시,중위소득40%미만,청소년부자,2,1
201802,경기도,안양시,중위소득41~52%미만,모자가족,538,221
201802,경기도,안양시,중위소득53~60%미만,모자가족,12,5
201802,경기도,안양시,중위소득60~72%미만,모자가족,9,4
201802,경기도,부천시,중위소득40%미만,부자가족,896,368
201802,경기도,부천시,중위소득40%미만,모자가족,3869,1572
201802,경기도,부천시,중위소득41~52%미만,부자가족,179,69
201802,경기도,부천시,중위소득53~60%미만,부자가족,5,2
201802,경기도,부천시,중위소득60~72%미만,부자가족,7,3
201802,경기도,부천시,기타(중위소득72%이상),부자가족,10,4
201802,경기도,부천시,중위소득40%미만,조손가족,39,15
201802,경기도,부천시,중위소득41~52%미만,조손가족,6,2
201802,경기도,부천시,중위소득40%미만,청소년모자,60,29
201802,경기도,부천시,중위소득41~52%미만,청소년모자,7,4
201802,경기도,부천시,중위소득40%미만,청소년부자,10,5
201802,경기도,부천시,중위소득41~52%미만,모자가족,895,364
201802,경기도,부천시,중위소득53~60%미만,모자가족,36,15
201802,경기도,부천시,중위소득60~72%미만,모자가족,12,4
201802,경기도,부천시,기타(중위소득72%이상),모자가족,34,14
201802,경기도,광명시,중위소득40%미만,모자가족,1681,676
201802,경기도,광명시,중위소득40%미만,부자가족,428,176
201802,경기도,광명시,중위소득41~52%미만,부자가족,80,32
201802,경기도,광명시,중위소득53~60%미만,부자가족,9,3
201802,경기도,광명시,중위소득60~72%미만,부자가족,5,2
201802,경기도,광명시,기타(중위소득72%이상),부자가족,4,2
201802,경기도,광명시,중위소득40%미만,조손가족,12,5
201802,경기도,광명시,중위소득40%미만,청소년모자,29,14
201802,경기도,광명시,중위소득40%미만,청소년부자,8,4
201802,경기도,광명시,중위소득41~52%미만,모자가족,448,179
201802,경기도,광명시,중위소득53~60%미만,모자가족,11,5
201802,경기도,광명시,중위소득60~72%미만,모자가족,2,1
201802,경기도,광명시,기타(중위소득72%이상),모자가족,13,5
201802,경기도,평택시,기타(중위소득72%이상),모자가족,4,2
201802,경기도,평택시,중위소득40%미만,부자가족,547,218
201802,경기도,평택시,중위소득41~52%미만,부자가족,94,33
201802,경기도,평택시,중위소득40%미만,모자가족,2128,842
201802,경기도,평택시,기타(중위소득72%이상),부자가족,2,1
201802,경기도,평택시,중위소득40%미만,조손가족,5,2
201802,경기도,평택시,중위소득40%미만,청소년모자,49,23
201802,경기도,평택시,중위소득41~52%미만,청소년모자,5,2
201802,경기도,평택시,중위소득40%미만,청소년부자,2,1
201802,경기도,평택시,중위소득41~52%미만,청소년부자,3,1
201802,경기도,평택시,중위소득41~52%미만,모자가족,510,202
201802,경기도,평택시,중위소득53~60%미만,모자가족,3,1
201802,경기도,동두천시,기타(중위소득72%이상),모자가족,1,0
201802,경기도,동두천시,중위소득40%미만,부자가족,286,113
201802,경기도,동두천시,중위소득41~52%미만,부자가족,69,28
201802,경기도,동두천시,중위소득40%미만,조손가족,21,10
201802,경기도,동두천시,중위소득41~52%미만,조손가족,2,1
201802,경기도,동두천시,중위소득40%미만,청소년모자,28,14
201802,경기도,동두천시,중위소득40%미만,모자가족,984,389
201802,경기도,동두천시,중위소득41~52%미만,청소년모자,2,1
201802,경기도,동두천시,중위소득40%미만,청소년부자,2,1
201802,경기도,동두천시,중위소득41~52%미만,청소년부자,2,1
201802,경기도,동두천시,중위소득41~52%미만,모자가족,262,104
201802,경기도,안산시,기타(중위소득72%이상),모자가족,7,4
201802,경기도,안산시,중위소득40%미만,부자가족,1421,571
201802,경기도,안산시,중위소득41~52%미만,부자가족,259,101
201802,경기도,안산시,중위소득60~72%미만,부자가족,2,1
201802,경기도,안산시,중위소득40%미만,조손가족,8,4
201802,경기도,안산시,중위소득41~52%미만,조손가족,2,1
201802,경기도,안산시,중위소득40%미만,청소년모자,126,60
201802,경기도,안산시,중위소득40%미만,모자가족,5660,2238
201802,경기도,안산시,중위소득41~52%미만,청소년모자,10,5
201802,경기도,안산시,중위소득40%미만,청소년부자,8,4
201802,경기도,안산시,중위소득41~52%미만,청소년부자,2,1
201802,경기도,안산시,중위소득41~52%미만,모자가족,1141,459
201802,경기도,안산시,중위소득53~60%미만,모자가족,27,12
201802,경기도,안산시,중위소득60~72%미만,모자가족,13,6
201802,경기도,고양시,기타(중위소득72%이상),모자가족,36,16
201802,경기도,고양시,중위소득40%미만,부자가족,1302,529
201802,경기도,고양시,중위소득41~52%미만,부자가족,198,83
201802,경기도,고양시,중위소득53~60%미만,부자가족,7,2
201802,경기도,고양시,기타(중위소득72%이상),부자가족,6,2
201802,경기도,고양시,중위소득40%미만,조손가족,28,12
201802,경기도,고양시,중위소득41~52%미만,조손가족,3,1
201802,경기도,고양시,중위소득40%미만,청소년모자,79,39
201802,경기도,고양시,중위소득40%미만,모자가족,4676,1889
201802,경기도,고양시,중위소득41~52%미만,청소년모자,2,1
201802,경기도,고양시,중위소득53~60%미만,청소년모자,2,1
201802,경기도,고양시,중위소득60~72%미만,청소년모자,2,1
201802,경기도,고양시,중위소득40%미만,청소년부자,6,3
201802,경기도,고양시,중위소득41~52%미만,모자가족,971,405
201802,경기도,고양시,중위소득53~60%미만,모자가족,30,13
201802,경기도,고양시,중위소득60~72%미만,모자가족,11,5
201802,경기도,과천시,중위소득40%미만,부자가족,44,18
201802,경기도,과천시,중위소득40%미만,모자가족,102,42
201802,경기도,과천시,중위소득41~52%미만,부자가족,3,1
201802,경기도,과천시,중위소득40%미만,조손가족,2,1
201802,경기도,과천시,중위소득41~52%미만,모자가족,32,14
201802,경기도,구리시,기타(중위소득72%이상),모자가족,4,2
201802,경기도,구리시,중위소득40%미만,부자가족,333,130
201802,경기도,구리시,중위소득41~52%미만,부자가족,53,24
201802,경기도,구리시,중위소득53~60%미만,부자가족,2,1
201802,경기도,구리시,기타(중위소득72%이상),부자가족,3,2
201802,경기도,구리시,중위소득40%미만,조손가족,8,3
201802,경기도,구리시,중위소득40%미만,모자가족,1098,441
201802,경기도,구리시,중위소득40%미만,청소년모자,19,8
201802,경기도,구리시,중위소득40%미만,청소년부자,3,1
201802,경기도,구리시,중위소득41~52%미만,모자가족,219,87
201802,경기도,구리시,중위소득53~60%미만,모자가족,3,1
201802,경기도,구리시,중위소득60~72%미만,모자가족,11,4
201802,경기도,남양주시,기타(중위소득72%이상),모자가족,16,7
201802,경기도,남양주시,중위소득40%미만,부자가족,968,380
201802,경기도,남양주시,중위소득41~52%미만,부자가족,182,74
201802,경기도,남양주시,기타(중위소득72%이상),부자가족,3,1
201802,경기도,남양주시,중위소득40%미만,조손가족,12,6
201802,경기도,남양주시,중위소득41~52%미만,조손가족,5,2
201802,경기도,남양주시,중위소득40%미만,청소년모자,57,29
201802,경기도,남양주시,중위소득41~52%미만,청소년모자,2,1
201802,경기도,남양주시,중위소득40%미만,청소년부자,16,8
201802,경기도,남양주시,중위소득41~52%미만,모자가족,880,342
201802,경기도,남양주시,중위소득40%미만,모자가족,3262,1276
201802,경기도,남양주시,중위소득53~60%미만,모자가족,8,4
201802,경기도,오산시,중위소득40%미만,모자가족,898,351
201802,경기도,오산시,중위소득40%미만,부자가족,181,67
201802,경기도,오산시,중위소득41~52%미만,부자가족,31,13
201802,경기도,오산시,기타(중위소득72%이상),부자가족,1,1
201802,경기도,오산시,중위소득40%미만,조손가족,5,2
201802,경기도,오산시,중위소득41~52%미만,조손가족,6,2
201802,경기도,오산시,중위소득40%미만,청소년모자,25,13
201802,경기도,오산시,중위소득41~52%미만,청소년모자,6,3
201802,경기도,오산시,중위소득40%미만,청소년부자,2,1
201802,경기도,오산시,중위소득41~52%미만,모자가족,260,101
201802,경기도,오산시,중위소득53~60%미만,모자가족,7,3
201802,경기도,오산시,중위소득60~72%미만,모자가족,8,4
201802,경기도,오산시,기타(중위소득72%이상),모자가족,1,0
201802,경기도,시흥시,기타(중위소득72%이상),모자가족,12,5
201802,경기도,시흥시,중위소득40%미만,부자가족,599,229
201802,경기도,시흥시,중위소득40%미만,모자가족,2200,850
201802,경기도,시흥시,중위소득41~52%미만,부자가족,103,40
201802,경기도,시흥시,기타(중위소득72%이상),부자가족,7,2
201802,경기도,시흥시,중위소득40%미만,조손가족,6,3
201802,경기도,시흥시,기타(중위소득72%이상),조손가족,1,1
201802,경기도,시흥시,중위소득40%미만,청소년모자,54,26
201802,경기도,시흥시,중위소득41~52%미만,청소년모자,2,1
201802,경기도,시흥시,중위소득53~60%미만,청소년모자,2,1
201802,경기도,시흥시,중위소득60~72%미만,청소년모자,2,1
201802,경기도,시흥시,중위소득40%미만,청소년부자,2,1
201802,경기도,시흥시,중위소득41~52%미만,청소년부자,2,1
201802,경기도,시흥시,중위소득41~52%미만,모자가족,548,209
201802,경기도,시흥시,중위소득53~60%미만,모자가족,10,4
201802,경기도,시흥시,중위소득60~72%미만,모자가족,7,3
201802,경기도,군포시,중위소득40%미만,모자가족,1255,510
201802,경기도,군포시,중위소득40%미만,부자가족,342,144
201802,경기도,군포시,중위소득41~52%미만,부자가족,72,28
201802,경기도,군포시,중위소득53~60%미만,부자가족,6,1
201802,경기도,군포시,중위소득40%미만,조손가족,7,3
201802,경기도,군포시,중위소득40%미만,청소년모자,30,15
201802,경기도,군포시,중위소득60~72%미만,청소년모자,2,1
201802,경기도,군포시,중위소득40%미만,청소년부자,3,3
201802,경기도,군포시,중위소득41~52%미만,모자가족,293,118
201802,경기도,군포시,중위소득53~60%미만,모자가족,7,3
201802,경기도,군포시,중위소득60~72%미만,모자가족,9,4
201802,경기도,군포시,기타(중위소득72%이상),모자가족,6,3
201802,경기도,의왕시,중위소득40%미만,부자가족,140,54
201802,경기도,의왕시,중위소득41~52%미만,부자가족,11,4
201802,경기도,의왕시,중위소득53~60%미만,부자가족,2,1
201802,경기도,의왕시,중위소득40%미만,조손가족,7,3
201802,경기도,의왕시,중위소득40%미만,청소년모자,15,7
201802,경기도,의왕시,중위소득41~52%미만,모자가족,150,60
201802,경기도,의왕시,중위소득40%미만,모자가족,578,224
201802,경기도,의왕시,기타(중위소득72%이상),모자가족,3,1
201802,경기도,하남시,기타(중위소득72%이상),모자가족,2,1
201802,경기도,하남시,중위소득40%미만,부자가족,266,107
201802,경기도,하남시,중위소득41~52%미만,부자가족,44,20
201802,경기도,하남시,중위소득40%미만,청소년모자,24,12
201802,경기도,하남시,중위소득40%미만,모자가족,916,359
201802,경기도,하남시,중위소득40%미만,청소년부자,6,3
201802,경기도,하남시,중위소득41~52%미만,모자가족,227,94
201802,경기도,하남시,중위소득53~60%미만,모자가족,5,2
201802,경기도,용인시,기타(중위소득72%이상),모자가족,11,5
201802,경기도,용인시,중위소득40%미만,부자가족,478,180
201802,경기도,용인시,중위소득41~52%미만,부자가족,92,38
201802,경기도,용인시,중위소득40%미만,모자가족,2033,803
201802,경기도,용인시,중위소득40%미만,조손가족,10,3
201802,경기도,용인시,중위소득41~52%미만,조손가족,5,2
201802,경기도,용인시,중위소득40%미만,청소년모자,45,22
201802,경기도,용인시,중위소득40%미만,청소년부자,7,3
201802,경기도,용인시,중위소득41~52%미만,모자가족,627,251
201802,경기도,용인시,중위소득53~60%미만,모자가족,5,2
201802,경기도,용인시,중위소득60~72%미만,모자가족,7,3
201802,경기도,파주시,기타(중위소득72%이상),모자가족,19,8
201802,경기도,파주시,중위소득40%미만,부자가족,628,242
201802,경기도,파주시,중위소득41~52%미만,부자가족,143,54
201802,경기도,파주시,중위소득53~60%미만,부자가족,2,1
201802,경기도,파주시,중위소득60~72%미만,부자가족,2,1
201802,경기도,파주시,기타(중위소득72%이상),부자가족,4,2
201802,경기도,파주시,중위소득40%미만,조손가족,20,8
201802,경기도,파주시,중위소득40%미만,청소년모자,38,19
201802,경기도,파주시,중위소득40%미만,모자가족,2409,942
201802,경기도,파주시,중위소득41~52%미만,청소년모자,2,1
201802,경기도,파주시,중위소득40%미만,청소년부자,2,1
201802,경기도,파주시,기타(중위소득72%이상),청소년부자,2,1
201802,경기도,파주시,중위소득41~52%미만,모자가족,551,224
201802,경기도,파주시,중위소득53~60%미만,모자가족,5,2
201802,경기도,파주시,중위소득60~72%미만,모자가족,4,2
201802,경기도,이천시,중위소득40%미만,부자가족,229,90
201802,경기도,이천시,중위소득41~52%미만,부자가족,36,14
201802,경기도,이천시,중위소득40%미만,조손가족,13,6
201802,경기도,이천시,기타(중위소득72%이상),조손가족,2,1
201802,경기도,이천시,중위소득40%미만,청소년모자,20,10
201802,경기도,이천시,중위소득41~52%미만,모자가족,159,61
201802,경기도,이천시,중위소득53~60%미만,모자가족,6,3
201802,경기도,이천시,중위소득40%미만,모자가족,812,313
201802,경기도,이천시,기타(중위소득72%이상),모자가족,10,5
201802,경기도,안성시,기타(중위소득72%이상),모자가족,1,0
201802,경기도,안성시,중위소득40%미만,모자가족,873,323
201802,경기도,안성시,중위소득40%미만,부자가족,200,78
201802,경기도,안성시,중위소득41~52%미만,부자가족,52,19
201802,경기도,안성시,중위소득40%미만,조손가족,24,10
201802,경기도,안성시,중위소득41~52%미만,조손가족,3,1
201802,경기도,안성시,기타(중위소득72%이상),조손가족,1,1
201802,경기도,안성시,중위소득40%미만,청소년모자,21,10
201802,경기도,안성시,중위소득40%미만,청소년부자,4,2
201802,경기도,안성시,중위소득41~52%미만,모자가족,173,67
201802,경기도,안성시,중위소득53~60%미만,모자가족,10,4
201802,경기도,안성시,중위소득60~72%미만,모자가족,2,1
201802,경기도,김포시,중위소득40%미만,모자가족,1254,481
201802,경기도,김포시,중위소득40%미만,부자가족,315,123
201802,경기도,김포시,중위소득41~52%미만,부자가족,81,31
201802,경기도,김포시,중위소득40%미만,조손가족,7,3
201802,경기도,김포시,중위소득40%미만,청소년모자,34,17
201802,경기도,김포시,중위소득41~52%미만,청소년모자,7,3
201802,경기도,김포시,중위소득53~60%미만,청소년모자,2,1
201802,경기도,김포시,중위소득40%미만,청소년부자,3,1
201802,경기도,김포시,중위소득41~52%미만,모자가족,380,149
201802,경기도,김포시,중위소득53~60%미만,모자가족,3,1
201802,경기도,김포시,중위소득60~72%미만,모자가족,2,1
201802,경기도,김포시,기타(중위소득72%이상),모자가족,13,4
201802,경기도,화성시,중위소득40%미만,부자가족,452,177
201802,경기도,화성시,중위소득40%미만,모자가족,1792,688
201802,경기도,화성시,중위소득41~52%미만,부자가족,104,44
201802,경기도,화성시,기타(중위소득72%이상),부자가족,3,1
201802,경기도,화성시,중위소득40%미만,조손가족,8,2
201802,경기도,화성시,중위소득41~52%미만,조손가족,6,2
201802,경기도,화성시,중위소득40%미만,청소년모자,24,11
201802,경기도,화성시,중위소득40%미만,청소년부자,12,6
201802,경기도,화성시,중위소득41~52%미만,청소년부자,2,1
201802,경기도,화성시,중위소득41~52%미만,모자가족,442,177
201802,경기도,화성시,중위소득53~60%미만,모자가족,4,1
201802,경기도,화성시,중위소득60~72%미만,모자가족,2,1
201802,경기도,화성시,기타(중위소득72%이상),모자가족,6,3
201802,경기도,광주시,기타(중위소득72%이상),모자가족,1,0
201802,경기도,광주시,중위소득40%미만,부자가족,370,148
201802,경기도,광주시,중위소득41~52%미만,부자가족,87,33
201802,경기도,광주시,기타(중위소득72%이상),부자가족,4,2
201802,경기도,광주시,중위소득40%미만,조손가족,11,4
201802,경기도,광주시,중위소득40%미만,청소년모자,18,9
201802,경기도,광주시,중위소득40%미만,모자가족,1231,480
201802,경기도,광주시,중위소득40%미만,청소년부자,8,4
201802,경기도,광주시,중위소득41~52%미만,모자가족,302,121
201802,경기도,광주시,중위소득53~60%미만,모자가족,2,1
201802,경기도,광주시,중위소득60~72%미만,모자가족,2,1
201802,경기도,양주시,중위소득40%미만,부자가족,362,140
201802,경기도,양주시,중위소득41~52%미만,부자가족,55,22
201802,경기도,양주시,중위소득53~60%미만,부자가족,3,1
201802,경기도,양주시,중위소득40%미만,조손가족,17,7
201802,경기도,양주시,기타(중위소득72%이상),조손가족,1,1
201802,경기도,양주시,중위소득40%미만,청소년모자,34,16
201802,경기도,양주시,중위소득41~52%미만,청소년모자,2,1
201802,경기도,양주시,중위소득40%미만,청소년부자,4,3
201802,경기도,양주시,중위소득53~60%미만,청소년부자,2,1
201802,경기도,양주시,중위소득41~52%미만,모자가족,377,151
201802,경기도,양주시,중위소득40%미만,모자가족,1237,473
201802,경기도,양주시,중위소득53~60%미만,모자가족,14,6
201802,경기도,양주시,기타(중위소득72%이상),모자가족,8,2
201802,경기도,포천시,기타(중위소득72%이상),모자가족,1,0
201802,경기도,포천시,중위소득40%미만,모자가족,819,316
201802,경기도,포천시,중위소득40%미만,부자가족,321,123
201802,경기도,포천시,중위소득41~52%미만,부자가족,64,26
201802,경기도,포천시,중위소득53~60%미만,부자가족,2,1
201802,경기도,포천시,중위소득60~72%미만,부자가족,2,1
201802,경기도,포천시,중위소득40%미만,조손가족,17,6
201802,경기도,포천시,중위소득40%미만,청소년모자,33,16
201802,경기도,포천시,중위소득41~52%미만,청소년모자,6,3
201802,경기도,포천시,중위소득40%미만,청소년부자,5,2
201802,경기도,포천시,중위소득41~52%미만,모자가족,249,101
201802,경기도,여주시,기타(중위소득72%이상),모자가족,3,1
201802,경기도,여주시,중위소득40%미만,부자가족,203,81
201802,경기도,여주시,중위소득41~52%미만,부자가족,25,9
201802,경기도,여주시,기타(중위소득72%이상),부자가족,4,2
201802,경기도,여주시,중위소득40%미만,조손가족,8,3
201802,경기도,여주시,중위소득40%미만,청소년모자,11,5
201802,경기도,여주시,중위소득40%미만,모자가족,541,221
201802,경기도,여주시,중위소득41~52%미만,청소년모자,2,1
201802,경기도,여주시,중위소득40%미만,청소년부자,2,1
201802,경기도,여주시,중위소득41~52%미만,모자가족,132,49
201802,경기도,여주시,중위소득53~60%미만,모자가족,13,5
201802,경기도,연천군,중위소득40%미만,부자가족,140,52
201802,경기도,연천군,중위소득41~52%미만,부자가족,25,9
201802,경기도,연천군,중위소득40%미만,조손가족,20,8
201802,경기도,연천군,중위소득40%미만,청소년모자,4,2
201802,경기도,연천군,중위소득53~60%미만,청소년모자,2,1
201802,경기도,연천군,중위소득40%미만,청소년부자,2,1
201802,경기도,연천군,중위소득41~52%미만,모자가족,31,14
201802,경기도,연천군,중위소득40%미만,모자가족,305,115
201802,경기도,가평군,기타(중위소득72%이상),모자가족,9,3
201802,경기도,가평군,중위소득40%미만,부자가족,77,34
201802,경기도,가평군,중위소득41~52%미만,부자가족,32,12
201802,경기도,가평군,중위소득40%미만,모자가족,214,80
201802,경기도,가평군,기타(중위소득72%이상),조손가족,2,1
201802,경기도,가평군,중위소득40%미만,청소년모자,4,2
201802,경기도,가평군,중위소득41~52%미만,모자가족,41,16
201802,경기도,가평군,중위소득53~60%미만,모자가족,6,1
201802,경기도,양평군,기타(중위소득72%이상),모자가족,2,1
201802,경기도,양평군,중위소득40%미만,부자가족,177,72
201802,경기도,양평군,중위소득41~52%미만,부자가족,37,14
201802,경기도,양평군,중위소득40%미만,모자가족,430,165
201802,경기도,양평군,중위소득40%미만,조손가족,6,2
201802,경기도,양평군,중위소득40%미만,청소년모자,8,4
201802,경기도,양평군,중위소득40%미만,청소년부자,3,1
201802,경기도,양평군,중위소득41~52%미만,모자가족,87,32
201802,경기도,양평군,중위소득60~72%미만,모자가족,3,1
201802,강원도,춘천시,중위소득40%미만,부자가족,535,213
201802,강원도,춘천시,중위소득41~52%미만,부자가족,105,40
201802,강원도,춘천시,중위소득53~60%미만,부자가족,5,2
201802,강원도,춘천시,중위소득60~72%미만,부자가족,4,2
201802,강원도,춘천시,기타(중위소득72%이상),부자가족,4,2
201802,강원도,춘천시,중위소득40%미만,조손가족,1,1
201802,강원도,춘천시,중위소득40%미만,청소년모자,57,29
201802,강원도,춘천시,중위소득41~52%미만,청소년모자,6,3
201802,강원도,춘천시,중위소득40%미만,청소년부자,8,4
201802,강원도,춘천시,중위소득41~52%미만,모자가족,421,172
201802,강원도,춘천시,중위소득40%미만,모자가족,1912,744
201802,강원도,춘천시,중위소득53~60%미만,모자가족,3,1
201802,강원도,춘천시,중위소득60~72%미만,모자가족,11,5
201802,강원도,춘천시,기타(중위소득72%이상),모자가족,7,3
201802,강원도,원주시,기타(중위소득72%이상),모자가족,3,1
201802,강원도,원주시,중위소득40%미만,부자가족,690,283
201802,강원도,원주시,중위소득40%미만,모자가족,2726,1066
201802,강원도,원주시,중위소득41~52%미만,부자가족,152,60
201802,강원도,원주시,중위소득40%미만,조손가족,36,16
201802,강원도,원주시,중위소득41~52%미만,조손가족,9,3
201802,강원도,원주시,중위소득40%미만,청소년모자,77,36
201802,강원도,원주시,중위소득53~60%미만,청소년모자,2,1
201802,강원도,원주시,중위소득40%미만,청소년부자,4,2
201802,강원도,원주시,중위소득41~52%미만,모자가족,546,220
201802,강원도,원주시,중위소득53~60%미만,모자가족,14,6
201802,강원도,강릉시,기타(중위소득72%이상),모자가족,4,2
201802,강원도,강릉시,중위소득40%미만,부자가족,456,185
201802,강원도,강릉시,중위소득41~52%미만,부자가족,100,41
201802,강원도,강릉시,중위소득53~60%미만,부자가족,2,1
201802,강원도,강릉시,중위소득40%미만,모자가족,1444,580
201802,강원도,강릉시,기타(중위소득72%이상),부자가족,2,1
201802,강원도,강릉시,중위소득40%미만,조손가족,28,12
201802,강원도,강릉시,중위소득40%미만,청소년모자,22,11
201802,강원도,강릉시,중위소득41~52%미만,청소년모자,3,1
201802,강원도,강릉시,중위소득40%미만,청소년부자,12,6
201802,강원도,강릉시,중위소득41~52%미만,모자가족,349,138
201802,강원도,강릉시,중위소득53~60%미만,모자가족,3,1
201802,강원도,강릉시,중위소득60~72%미만,모자가족,2,1
201802,강원도,동해시,기타(중위소득72%이상),모자가족,2,1
201802,강원도,동해시,중위소득40%미만,부자가족,144,59
201802,강원도,동해시,중위소득41~52%미만,부자가족,27,11
201802,강원도,동해시,중위소득40%미만,모자가족,407,160
201802,강원도,동해시,기타(중위소득72%이상),부자가족,2,1
201802,강원도,동해시,중위소득40%미만,청소년모자,7,4
201802,강원도,동해시,중위소득41~52%미만,청소년모자,2,1
201802,강원도,동해시,중위소득40%미만,청소년부자,2,1
201802,강원도,동해시,중위소득41~52%미만,모자가족,131,54
201802,강원도,태백시,기타(중위소득72%이상),모자가족,5,2
201802,강원도,태백시,중위소득40%미만,부자가족,86,33
201802,강원도,태백시,중위소득41~52%미만,부자가족,8,3
201802,강원도,태백시,기타(중위소득72%이상),부자가족,3,1
201802,강원도,태백시,중위소득40%미만,조손가족,2,1
201802,강원도,태백시,중위소득41~52%미만,조손가족,3,1
201802,강원도,태백시,중위소득40%미만,청소년모자,6,3
201802,강원도,태백시,중위소득40%미만,청소년부자,2,1
201802,강원도,태백시,중위소득41~52%미만,모자가족,31,14
201802,강원도,태백시,중위소득40%미만,모자가족,176,72
201802,강원도,속초시,기타(중위소득72%이상),모자가족,1,0
201802,강원도,속초시,중위소득40%미만,부자가족,233,97
201802,강원도,속초시,중위소득41~52%미만,부자가족,21,9
201802,강원도,속초시,중위소득40%미만,모자가족,705,279
201802,강원도,속초시,기타(중위소득72%이상),부자가족,3,1
201802,강원도,속초시,중위소득40%미만,조손가족,2,1
201802,강원도,속초시,중위소득40%미만,청소년모자,16,8
201802,강원도,속초시,중위소득53~60%미만,청소년모자,2,1
201802,강원도,속초시,중위소득40%미만,청소년부자,5,3
201802,강원도,속초시,중위소득41~52%미만,모자가족,143,58
201802,강원도,삼척시,중위소득40%미만,부자가족,156,60
201802,강원도,삼척시,중위소득40%미만,모자가족,363,134
201802,강원도,삼척시,중위소득41~52%미만,부자가족,36,13
201802,강원도,삼척시,기타(중위소득72%이상),부자가족,1,1
201802,강원도,삼척시,중위소득40%미만,조손가족,3,2
201802,강원도,삼척시,중위소득40%미만,청소년모자,2,1
201802,강원도,삼척시,중위소득40%미만,청소년부자,2,1
201802,강원도,삼척시,중위소득41~52%미만,모자가족,58,24
201802,강원도,삼척시,중위소득53~60%미만,모자가족,7,3
201802,강원도,홍천군,중위소득40%미만,모자가족,181,69
201802,강원도,홍천군,중위소득40%미만,부자가족,89,34
201802,강원도,홍천군,중위소득41~52%미만,부자가족,8,4
201802,강원도,홍천군,중위소득60~72%미만,부자가족,2,1
201802,강원도,홍천군,중위소득40%미만,청소년모자,7,4
201802,강원도,홍천군,중위소득41~52%미만,모자가족,40,17
201802,강원도,홍천군,중위소득53~60%미만,모자가족,2,1
201802,강원도,홍천군,기타(중위소득72%이상),모자가족,2,1
201802,강원도,횡성군,중위소득40%미만,모자가족,125,49
201802,강원도,횡성군,중위소득40%미만,부자가족,50,20
201802,강원도,횡성군,중위소득41~52%미만,부자가족,25,9
201802,강원도,횡성군,중위소득40%미만,청소년모자,2,1
201802,강원도,횡성군,중위소득41~52%미만,모자가족,46,18
201802,강원도,영월군,중위소득40%미만,부자가족,29,13
201802,강원도,영월군,중위소득41~52%미만,부자가족,7,3
201802,강원도,영월군,중위소득40%미만,모자가족,161,61
201802,강원도,영월군,중위소득40%미만,청소년모자,5,3
201802,강원도,영월군,중위소득40%미만,청소년부자,2,1
201802,강원도,영월군,중위소득41~52%미만,모자가족,30,12
201802,강원도,평창군,중위소득40%미만,부자가족,41,17
201802,강원도,평창군,중위소득41~52%미만,부자가족,6,2
201802,강원도,평창군,중위소득40%미만,청소년모자,2,1
201802,강원도,평창군,중위소득40%미만,모자가족,163,62
201802,강원도,평창군,중위소득41~52%미만,모자가족,14,6
201802,강원도,정선군,중위소득40%미만,부자가족,33,14
201802,강원도,정선군,중위소득41~52%미만,부자가족,10,3
201802,강원도,정선군,중위소득40%미만,청소년모자,2,1
201802,강원도,정선군,중위소득40%미만,모자가족,99,37
201802,강원도,정선군,중위소득41~52%미만,모자가족,41,15
201802,강원도,정선군,중위소득53~60%미만,모자가족,4,1
201802,강원도,철원군,기타(중위소득72%이상),모자가족,3,1
201802,강원도,철원군,중위소득40%미만,부자가족,100,41
201802,강원도,철원군,중위소득41~52%미만,부자가족,30,11
201802,강원도,철원군,중위소득40%미만,모자가족,224,85
201802,강원도,철원군,중위소득40%미만,청소년모자,4,2
201802,강원도,철원군,중위소득41~52%미만,모자가족,28,11
201802,강원도,화천군,중위소득40%미만,부자가족,53,20
201802,강원도,화천군,중위소득41~52%미만,부자가족,9,3
201802,강원도,화천군,기타(중위소득72%이상),부자가족,2,1
201802,강원도,화천군,중위소득40%미만,모자가족,83,31
201802,강원도,화천군,중위소득40%미만,청소년모자,2,1
201802,강원도,화천군,중위소득41~52%미만,모자가족,18,7
201802,강원도,양구군,중위소득40%미만,부자가족,42,18
201802,강원도,양구군,중위소득41~52%미만,부자가족,3,1
201802,강원도,양구군,기타(중위소득72%이상),부자가족,4,1
201802,강원도,양구군,중위소득40%미만,청소년모자,1,1
201802,강원도,양구군,중위소득40%미만,모자가족,48,19
201802,강원도,양구군,중위소득41~52%미만,모자가족,6,2
201802,강원도,양구군,중위소득53~60%미만,모자가족,5,2
201802,강원도,인제군,기타(중위소득72%이상),모자가족,3,2
201802,강원도,인제군,중위소득40%미만,부자가족,59,23
201802,강원도,인제군,중위소득41~52%미만,부자가족,16,6
201802,강원도,인제군,중위소득53~60%미만,부자가족,2,1
201802,강원도,인제군,중위소득40%미만,모자가족,134,50
201802,강원도,인제군,중위소득40%미만,청소년모자,2,1
201802,강원도,인제군,중위소득41~52%미만,모자가족,24,9
201802,강원도,고성군,중위소득40%미만,모자가족,92,37
201802,강원도,고성군,중위소득40%미만,부자가족,75,30
201802,강원도,고성군,중위소득41~52%미만,부자가족,14,5
201802,강원도,고성군,중위소득40%미만,조손가족,3,1
201802,강원도,고성군,중위소득40%미만,청소년모자,2,1
201802,강원도,고성군,중위소득41~52%미만,모자가족,27,10
201802,강원도,양양군,기타(중위소득72%이상),모자가족,3,1
201802,강원도,양양군,중위소득40%미만,부자가족,81,32
201802,강원도,양양군,중위소득40%미만,모자가족,157,60
201802,강원도,양양군,중위소득41~52%미만,부자가족,7,3
201802,강원도,양양군,중위소득53~60%미만,부자가족,2,1
201802,강원도,양양군,중위소득41~52%미만,모자가족,28,12
201802,강원도,양양군,중위소득60~72%미만,모자가족,2,1
201802,충청북도,청주시,중위소득40%미만,부자가족,1305,511
201802,충청북도,청주시,중위소득41~52%미만,부자가족,213,81
201802,충청북도,청주시,중위소득53~60%미만,부자가족,2,1
201802,충청북도,청주시,중위소득60~72%미만,부자가족,4,2
201802,충청북도,청주시,기타(중위소득72%이상),부자가족,3,2
201802,충청북도,청주시,중위소득40%미만,조손가족,34,15
201802,충청북도,청주시,중위소득41~52%미만,조손가족,4,1
201802,충청북도,청주시,중위소득40%미만,청소년모자,125,60
201802,충청북도,청주시,중위소득41~52%미만,청소년모자,8,4
201802,충청북도,청주시,중위소득60~72%미만,청소년모자,4,2
201802,충청북도,청주시,중위소득40%미만,청소년부자,24,12
201802,충청북도,청주시,중위소득60~72%미만,청소년부자,2,1
201802,충청북도,청주시,중위소득41~52%미만,모자가족,932,369
201802,충청북도,청주시,중위소득53~60%미만,모자가족,5,2
201802,충청북도,청주시,중위소득60~72%미만,모자가족,6,3
201802,충청북도,청주시,중위소득40%미만,모자가족,4438,1766
201802,충청북도,청주시,기타(중위소득72%이상),모자가족,9,4
201802,충청북도,충주시,중위소득40%미만,부자가족,368,149
201802,충청북도,충주시,중위소득41~52%미만,부자가족,73,28
201802,충청북도,충주시,중위소득40%미만,모자가족,1438,561
201802,충청북도,충주시,중위소득40%미만,조손가족,24,10
201802,충청북도,충주시,중위소득40%미만,청소년모자,30,15
201802,충청북도,충주시,중위소득40%미만,청소년부자,2,1
201802,충청북도,충주시,중위소득41~52%미만,모자가족,229,93
201802,충청북도,제천시,기타(중위소득72%이상),모자가족,1,0
201802,충청북도,제천시,중위소득40%미만,부자가족,276,108
201802,충청북도,제천시,중위소득41~52%미만,부자가족,45,19
201802,충청북도,제천시,중위소득53~60%미만,부자가족,2,1
201802,충청북도,제천시,중위소득40%미만,조손가족,5,2
201802,충청북도,제천시,중위소득40%미만,모자가족,839,319
201802,충청북도,제천시,중위소득40%미만,청소년모자,20,10
201802,충청북도,제천시,중위소득40%미만,청소년부자,2,1
201802,충청북도,제천시,중위소득41~52%미만,모자가족,147,60
201802,충청북도,제천시,중위소득53~60%미만,모자가족,2,1
201802,충청북도,제천시,중위소득60~72%미만,모자가족,3,1
201802,충청북도,보은군,중위소득40%미만,부자가족,66,27
201802,충청북도,보은군,중위소득41~52%미만,부자가족,9,3
201802,충청북도,보은군,중위소득40%미만,모자가족,134,50
201802,충청북도,보은군,중위소득40%미만,청소년모자,2,1
201802,충청북도,보은군,중위소득41~52%미만,모자가족,14,6
201802,충청북도,옥천군,중위소득40%미만,부자가족,104,40
201802,충청북도,옥천군,중위소득41~52%미만,부자가족,6,3
201802,충청북도,옥천군,중위소득40%미만,모자가족,210,77
201802,충청북도,옥천군,중위소득40%미만,조손가족,8,3
201802,충청북도,옥천군,중위소득40%미만,청소년모자,5,2
201802,충청북도,옥천군,중위소득41~52%미만,모자가족,50,20
201802,충청북도,영동군,중위소득40%미만,부자가족,80,33
201802,충청북도,영동군,중위소득41~52%미만,부자가족,9,3
201802,충청북도,영동군,중위소득53~60%미만,부자가족,2,1
201802,충청북도,영동군,중위소득40%미만,조손가족,6,2
201802,충청북도,영동군,중위소득40%미만,모자가족,167,62
201802,충청북도,영동군,중위소득40%미만,청소년모자,2,1
201802,충청북도,영동군,중위소득40%미만,청소년부자,2,1
201802,충청북도,영동군,중위소득41~52%미만,모자가족,32,12
201802,충청북도,증평군,중위소득40%미만,부자가족,37,14
201802,충청북도,증평군,중위소득41~52%미만,부자가족,9,3
201802,충청북도,증평군,중위소득40%미만,모자가족,158,60
201802,충청북도,증평군,중위소득41~52%미만,모자가족,35,14
201802,충청북도,진천군,중위소득40%미만,부자가족,71,25
201802,충청북도,진천군,중위소득41~52%미만,부자가족,25,8
201802,충청북도,진천군,중위소득40%미만,청소년모자,6,3
201802,충청북도,진천군,중위소득40%미만,청소년부자,2,1
201802,충청북도,진천군,중위소득41~52%미만,모자가족,65,26
201802,충청북도,진천군,중위소득53~60%미만,모자가족,5,2
201802,충청북도,진천군,중위소득60~72%미만,모자가족,2,1
201802,충청북도,진천군,중위소득40%미만,모자가족,266,104
201802,충청북도,진천군,기타(중위소득72%이상),모자가족,3,2
201802,충청북도,괴산군,중위소득40%미만,부자가족,71,28
201802,충청북도,괴산군,중위소득40%미만,모자가족,119,42
201802,충청북도,괴산군,중위소득41~52%미만,부자가족,17,7
201802,충청북도,괴산군,중위소득41~52%미만,조손가족,3,1
201802,충청북도,괴산군,중위소득40%미만,청소년모자,4,2
201802,충청북도,괴산군,중위소득41~52%미만,모자가족,14,7
201802,충청북도,음성군,중위소득40%미만,부자가족,139,52
201802,충청북도,음성군,중위소득40%미만,모자가족,375,147
201802,충청북도,음성군,중위소득41~52%미만,부자가족,14,5
201802,충청북도,음성군,중위소득53~60%미만,부자가족,2,1
201802,충청북도,음성군,중위소득40%미만,조손가족,9,4
201802,충청북도,음성군,중위소득40%미만,청소년모자,7,3
201802,충청북도,음성군,중위소득41~52%미만,청소년모자,2,1
201802,충청북도,음성군,중위소득41~52%미만,모자가족,73,30
201802,충청북도,음성군,기타(중위소득72%이상),모자가족,3,2
201802,충청북도,단양군,중위소득40%미만,부자가족,24,8
201802,충청북도,단양군,중위소득41~52%미만,부자가족,2,1
201802,충청북도,단양군,중위소득40%미만,조손가족,8,3
201802,충청북도,단양군,중위소득41~52%미만,모자가족,19,7
201802,충청북도,단양군,중위소득40%미만,모자가족,66,25
201802,충청남도,천안시,기타(중위소득72%이상),모자가족,7,2
201802,충청남도,천안시,중위소득40%미만,부자가족,778,304
201802,충청남도,천안시,중위소득41~52%미만,부자가족,120,47
201802,충청남도,천안시,중위소득53~60%미만,부자가족,8,4
201802,충청남도,천안시,중위소득60~72%미만,부자가족,7,3
201802,충청남도,천안시,기타(중위소득72%이상),부자가족,4,2
201802,충청남도,천안시,중위소득40%미만,조손가족,24,9
201802,충청남도,천안시,중위소득41~52%미만,조손가족,3,1
201802,충청남도,천안시,기타(중위소득72%이상),조손가족,2,1
201802,충청남도,천안시,중위소득40%미만,청소년모자,120,57
201802,충청남도,천안시,중위소득41~52%미만,청소년모자,16,8
201802,충청남도,천안시,중위소득53~60%미만,청소년모자,2,1
201802,충청남도,천안시,중위소득40%미만,청소년부자,13,6
201802,충청남도,천안시,중위소득41~52%미만,모자가족,550,223
201802,충청남도,천안시,중위소득40%미만,모자가족,3085,1210
201802,충청남도,천안시,중위소득53~60%미만,모자가족,24,10
201802,충청남도,천안시,중위소득60~72%미만,모자가족,3,1
201802,충청남도,공주시,기타(중위소득72%이상),모자가족,7,3
201802,충청남도,공주시,중위소득40%미만,부자가족,228,79
201802,충청남도,공주시,중위소득41~52%미만,부자가족,40,16
201802,충청남도,공주시,중위소득53~60%미만,부자가족,6,2
201802,충청남도,공주시,기타(중위소득72%이상),부자가족,2,1
201802,충청남도,공주시,중위소득40%미만,모자가족,576,210
201802,충청남도,공주시,중위소득40%미만,청소년모자,6,3
201802,충청남도,공주시,중위소득41~52%미만,청소년모자,2,1
201802,충청남도,공주시,중위소득53~60%미만,청소년모자,2,1
201802,충청남도,공주시,중위소득41~52%미만,청소년부자,2,1
201802,충청남도,공주시,기타(중위소득72%이상),청소년부자,2,1
201802,충청남도,공주시,중위소득41~52%미만,모자가족,148,56
201802,충청남도,공주시,중위소득53~60%미만,모자가족,6,2
201802,충청남도,공주시,중위소득60~72%미만,모자가족,2,1
201802,충청남도,보령시,중위소득40%미만,부자가족,201,76
201802,충청남도,보령시,중위소득41~52%미만,부자가족,26,10
201802,충청남도,보령시,중위소득60~72%미만,부자가족,2,1
201802,충청남도,보령시,중위소득40%미만,조손가족,12,3
201802,충청남도,보령시,중위소득40%미만,청소년모자,7,3
201802,충청남도,보령시,중위소득40%미만,모자가족,412,161
201802,충청남도,보령시,중위소득60~72%미만,청소년부자,2,1
201802,충청남도,보령시,중위소득41~52%미만,모자가족,124,49
201802,충청남도,보령시,중위소득60~72%미만,모자가족,7,2
201802,충청남도,아산시,중위소득40%미만,부자가족,462,177
201802,충청남도,아산시,중위소득41~52%미만,부자가족,37,16
201802,충청남도,아산시,기타(중위소득72%이상),부자가족,2,1
201802,충청남도,아산시,중위소득40%미만,조손가족,2,1
201802,충청남도,아산시,기타(중위소득72%이상),조손가족,1,1
201802,충청남도,아산시,중위소득40%미만,청소년모자,44,21
201802,충청남도,아산시,중위소득41~52%미만,청소년모자,2,1
201802,충청남도,아산시,중위소득40%미만,청소년부자,6,3
201802,충청남도,아산시,중위소득41~52%미만,모자가족,336,136
201802,충청남도,아산시,중위소득53~60%미만,모자가족,2,1
201802,충청남도,아산시,중위소득40%미만,모자가족,1606,607
201802,충청남도,아산시,기타(중위소득72%이상),모자가족,5,2
201802,충청남도,서산시,기타(중위소득72%이상),모자가족,2,1
201802,충청남도,서산시,중위소득40%미만,부자가족,154,64
201802,충청남도,서산시,중위소득41~52%미만,부자가족,38,13
201802,충청남도,서산시,중위소득40%미만,조손가족,5,2
201802,충청남도,서산시,중위소득40%미만,모자가족,537,212
201802,충청남도,서산시,중위소득40%미만,청소년모자,28,14
201802,충청남도,서산시,중위소득41~52%미만,청소년모자,2,1
201802,충청남도,서산시,중위소득40%미만,청소년부자,12,7
201802,충청남도,서산시,중위소득41~52%미만,모자가족,130,51
201802,충청남도,서산시,중위소득53~60%미만,모자가족,4,2
201802,충청남도,서산시,중위소득60~72%미만,모자가족,2,1
201802,충청남도,논산시,기타(중위소득72%이상),모자가족,10,5
201802,충청남도,논산시,중위소득40%미만,부자가족,226,86
201802,충청남도,논산시,중위소득41~52%미만,부자가족,44,16
201802,충청남도,논산시,중위소득53~60%미만,부자가족,3,1
201802,충청남도,논산시,기타(중위소득72%이상),부자가족,3,1
201802,충청남도,논산시,중위소득40%미만,조손가족,13,6
201802,충청남도,논산시,중위소득40%미만,청소년모자,19,9
201802,충청남도,논산시,중위소득40%미만,청소년부자,7,3
201802,충청남도,논산시,중위소득41~52%미만,모자가족,111,45
201802,충청남도,논산시,중위소득40%미만,모자가족,696,267
201802,충청남도,논산시,중위소득53~60%미만,모자가족,3,1
201802,충청남도,계룡시,기타(중위소득72%이상),모자가족,1,1
201802,충청남도,계룡시,중위소득40%미만,부자가족,41,17
201802,충청남도,계룡시,중위소득41~52%미만,부자가족,2,1
201802,충청남도,계룡시,중위소득40%미만,조손가족,3,1
201802,충청남도,계룡시,중위소득40%미만,모자가족,174,73
201802,충청남도,계룡시,중위소득40%미만,청소년모자,2,1
201802,충청남도,계룡시,중위소득41~52%미만,모자가족,30,11
201802,충청남도,당진시,중위소득40%미만,부자가족,241,92
201802,충청남도,당진시,중위소득41~52%미만,부자가족,23,9
201802,충청남도,당진시,중위소득40%미만,모자가족,554,211
201802,충청남도,당진시,중위소득53~60%미만,부자가족,2,1
201802,충청남도,당진시,중위소득40%미만,조손가족,14,4
201802,충청남도,당진시,중위소득40%미만,청소년모자,17,9
201802,충청남도,당진시,중위소득53~60%미만,청소년모자,2,1
201802,충청남도,당진시,기타(중위소득72%이상),청소년모자,2,1
201802,충청남도,당진시,중위소득40%미만,청소년부자,5,2
201802,충청남도,당진시,중위소득41~52%미만,모자가족,101,39
201802,충청남도,당진시,중위소득53~60%미만,모자가족,2,1
201802,충청남도,금산군,중위소득40%미만,모자가족,217,83
201802,충청남도,금산군,중위소득40%미만,부자가족,176,68
201802,충청남도,금산군,중위소득41~52%미만,부자가족,25,9
201802,충청남도,금산군,중위소득40%미만,청소년모자,2,1
201802,충청남도,금산군,중위소득40%미만,청소년부자,4,2
201802,충청남도,금산군,중위소득41~52%미만,모자가족,59,22
201802,충청남도,금산군,중위소득53~60%미만,모자가족,2,1
201802,충청남도,부여군,중위소득40%미만,부자가족,117,48
201802,충청남도,부여군,중위소득41~52%미만,부자가족,29,9
201802,충청남도,부여군,중위소득40%미만,모자가족,258,100
201802,충청남도,부여군,중위소득40%미만,청소년모자,2,1
201802,충청남도,부여군,중위소득41~52%미만,모자가족,70,26
201802,충청남도,부여군,중위소득53~60%미만,모자가족,2,1
201802,충청남도,서천군,기타(중위소득72%이상),모자가족,1,0
201802,충청남도,서천군,중위소득40%미만,부자가족,95,34
201802,충청남도,서천군,중위소득40%미만,모자가족,214,96
201802,충청남도,서천군,중위소득41~52%미만,부자가족,19,8
201802,충청남도,서천군,중위소득53~60%미만,부자가족,2,1
201802,충청남도,서천군,중위소득40%미만,조손가족,4,2
201802,충청남도,서천군,중위소득40%미만,청소년모자,2,1
201802,충청남도,서천군,중위소득41~52%미만,모자가족,31,13
201802,충청남도,청양군,중위소득40%미만,부자가족,66,26
201802,충청남도,청양군,중위소득41~52%미만,부자가족,13,5
201802,충청남도,청양군,중위소득40%미만,청소년모자,7,3
201802,충청남도,청양군,중위소득40%미만,모자가족,69,29
201802,충청남도,청양군,중위소득40%미만,청소년부자,2,1
201802,충청남도,청양군,중위소득41~52%미만,모자가족,12,5
201802,충청남도,청양군,중위소득53~60%미만,모자가족,3,1
201802,충청남도,홍성군,중위소득40%미만,부자가족,137,53
201802,충청남도,홍성군,중위소득41~52%미만,부자가족,31,13
201802,충청남도,홍성군,중위소득40%미만,청소년모자,23,12
201802,충청남도,홍성군,중위소득40%미만,청소년부자,2,1
201802,충청남도,홍성군,중위소득41~52%미만,모자가족,77,31
201802,충청남도,홍성군,중위소득40%미만,모자가족,534,200
201802,충청남도,예산군,중위소득40%미만,부자가족,118,45
201802,충청남도,예산군,중위소득41~52%미만,부자가족,27,10
201802,충청남도,예산군,중위소득53~60%미만,부자가족,2,1
201802,충청남도,예산군,기타(중위소득72%이상),부자가족,3,1
201802,충청남도,예산군,중위소득40%미만,모자가족,221,86
201802,충청남도,예산군,중위소득40%미만,청소년모자,6,3
201802,충청남도,예산군,중위소득41~52%미만,모자가족,57,21
201802,충청남도,태안군,중위소득40%미만,부자가족,133,49
201802,충청남도,태안군,중위소득41~52%미만,부자가족,14,6
201802,충청남도,태안군,중위소득41~52%미만,모자가족,53,20
201802,충청남도,태안군,중위소득40%미만,모자가족,315,121
201802,전라북도,전주시,기타(중위소득72%이상),모자가족,21,10
201802,전라북도,전주시,중위소득40%미만,부자가족,1241,490
201802,전라북도,전주시,중위소득41~52%미만,부자가족,227,90
201802,전라북도,전주시,중위소득60~72%미만,부자가족,2,1
201802,전라북도,전주시,기타(중위소득72%이상),부자가족,3,1
201802,전라북도,전주시,중위소득40%미만,조손가족,16,7
201802,전라북도,전주시,중위소득41~52%미만,조손가족,2,1
201802,전라북도,전주시,중위소득40%미만,청소년모자,129,64
201802,전라북도,전주시,중위소득40%미만,모자가족,4651,1836
201802,전라북도,전주시,중위소득53~60%미만,청소년모자,4,2
201802,전라북도,전주시,중위소득40%미만,청소년부자,8,4
201802,전라북도,전주시,중위소득41~52%미만,모자가족,962,383
201802,전라북도,전주시,중위소득53~60%미만,모자가족,14,7
201802,전라북도,전주시,중위소득60~72%미만,모자가족,2,1
201802,전라북도,군산시,기타(중위소득72%이상),모자가족,7,2
201802,전라북도,군산시,중위소득40%미만,부자가족,457,177
201802,전라북도,군산시,중위소득41~52%미만,부자가족,44,18
201802,전라북도,군산시,기타(중위소득72%이상),부자가족,7,3
201802,전라북도,군산시,중위소득40%미만,청소년모자,32,17
201802,전라북도,군산시,중위소득60~72%미만,청소년모자,2,1
201802,전라북도,군산시,중위소득40%미만,청소년부자,2,1
201802,전라북도,군산시,중위소득41~52%미만,모자가족,335,129
201802,전라북도,군산시,중위소득53~60%미만,모자가족,8,3
201802,전라북도,군산시,중위소득40%미만,모자가족,1771,711
201802,전라북도,군산시,중위소득60~72%미만,모자가족,2,1
201802,전라북도,익산시,기타(중위소득72%이상),모자가족,6,2
201802,전라북도,익산시,중위소득40%미만,모자가족,3062,1170
201802,전라북도,익산시,중위소득40%미만,부자가족,822,324
201802,전라북도,익산시,중위소득41~52%미만,부자가족,145,55
201802,전라북도,익산시,중위소득53~60%미만,부자가족,3,1
201802,전라북도,익산시,기타(중위소득72%이상),부자가족,1,0
201802,전라북도,익산시,중위소득40%미만,조손가족,24,11
201802,전라북도,익산시,중위소득40%미만,청소년모자,36,20
201802,전라북도,익산시,중위소득41~52%미만,청소년모자,2,1
201802,전라북도,익산시,중위소득40%미만,청소년부자,9,4
201802,전라북도,익산시,중위소득41~52%미만,모자가족,388,158
201802,전라북도,익산시,중위소득53~60%미만,모자가족,8,4
201802,전라북도,정읍시,중위소득40%미만,부자가족,292,117
201802,전라북도,정읍시,중위소득40%미만,모자가족,627,241
201802,전라북도,정읍시,중위소득41~52%미만,부자가족,57,22
201802,전라북도,정읍시,중위소득53~60%미만,부자가족,3,1
201802,전라북도,정읍시,기타(중위소득72%이상),부자가족,5,2
201802,전라북도,정읍시,중위소득40%미만,청소년모자,19,9
201802,전라북도,정읍시,중위소득40%미만,청소년부자,2,1
201802,전라북도,정읍시,중위소득41~52%미만,모자가족,158,62
201802,전라북도,정읍시,중위소득60~72%미만,모자가족,3,1
201802,전라북도,남원시,기타(중위소득72%이상),모자가족,2,1
201802,전라북도,남원시,중위소득40%미만,모자가족,471,177
201802,전라북도,남원시,중위소득40%미만,부자가족,187,77
201802,전라북도,남원시,중위소득41~52%미만,부자가족,47,16
201802,전라북도,남원시,기타(중위소득72%이상),부자가족,3,1
201802,전라북도,남원시,중위소득40%미만,청소년모자,7,3
201802,전라북도,남원시,중위소득40%미만,청소년부자,3,1
201802,전라북도,남원시,중위소득41~52%미만,모자가족,80,30
201802,전라북도,김제시,기타(중위소득72%이상),모자가족,2,1
201802,전라북도,김제시,중위소득40%미만,부자가족,267,101
201802,전라북도,김제시,중위소득41~52%미만,부자가족,35,13
201802,전라북도,김제시,중위소득53~60%미만,부자가족,2,1
201802,전라북도,김제시,중위소득40%미만,조손가족,3,1
201802,전라북도,김제시,중위소득40%미만,청소년모자,6,3
201802,전라북도,김제시,중위소득40%미만,모자가족,527,201
201802,전라북도,김제시,중위소득40%미만,청소년부자,2,1
201802,전라북도,김제시,중위소득41~52%미만,모자가족,126,46
201802,전라북도,김제시,중위소득53~60%미만,모자가족,2,1
201802,전라북도,완주군,중위소득40%미만,모자가족,438,182
201802,전라북도,완주군,중위소득40%미만,부자가족,190,76
201802,전라북도,완주군,중위소득41~52%미만,부자가족,17,7
201802,전라북도,완주군,중위소득53~60%미만,부자가족,3,1
201802,전라북도,완주군,중위소득40%미만,조손가족,3,1
201802,전라북도,완주군,중위소득40%미만,청소년모자,10,5
201802,전라북도,완주군,중위소득41~52%미만,모자가족,138,54
201802,전라북도,완주군,중위소득53~60%미만,모자가족,2,2
201802,전라북도,진안군,중위소득40%미만,부자가족,36,14
201802,전라북도,진안군,중위소득40%미만,모자가족,68,27
201802,전라북도,진안군,중위소득41~52%미만,부자가족,4,2
201802,전라북도,진안군,중위소득41~52%미만,모자가족,26,11
201802,전라북도,진안군,기타(중위소득72%이상),모자가족,1,0
201802,전라북도,무주군,기타(중위소득72%이상),모자가족,2,1
201802,전라북도,무주군,중위소득40%미만,부자가족,46,19
201802,전라북도,무주군,중위소득41~52%미만,부자가족,9,3
201802,전라북도,무주군,중위소득40%미만,조손가족,2,1
201802,전라북도,무주군,중위소득40%미만,청소년모자,2,1
201802,전라북도,무주군,중위소득41~52%미만,모자가족,27,10
201802,전라북도,무주군,중위소득53~60%미만,모자가족,5,2
201802,전라북도,무주군,중위소득60~72%미만,모자가족,4,2
201802,전라북도,무주군,중위소득40%미만,모자가족,70,25
201802,전라북도,장수군,기타(중위소득72%이상),모자가족,3,1
201802,전라북도,장수군,중위소득40%미만,모자가족,80,28
201802,전라북도,장수군,중위소득40%미만,부자가족,65,24
201802,전라북도,장수군,중위소득41~52%미만,부자가족,12,3
201802,전라북도,장수군,기타(중위소득72%이상),부자가족,3,2
201802,전라북도,장수군,중위소득40%미만,조손가족,2,1
201802,전라북도,장수군,중위소득40%미만,청소년모자,3,1
201802,전라북도,장수군,중위소득41~52%미만,모자가족,11,5
201802,전라북도,임실군,중위소득40%미만,부자가족,45,18
201802,전라북도,임실군,중위소득40%미만,모자가족,85,33
201802,전라북도,임실군,중위소득41~52%미만,부자가족,2,1
201802,전라북도,임실군,중위소득40%미만,청소년모자,6,3
201802,전라북도,임실군,중위소득40%미만,청소년부자,1,1
201802,전라북도,임실군,중위소득41~52%미만,모자가족,24,9
201802,전라북도,임실군,중위소득53~60%미만,모자가족,2,1
201802,전라북도,순창군,중위소득40%미만,부자가족,91,32
201802,전라북도,순창군,중위소득41~52%미만,부자가족,13,5
201802,전라북도,순창군,중위소득40%미만,모자가족,86,33
201802,전라북도,순창군,중위소득41~52%미만,모자가족,42,17
201802,전라북도,순창군,중위소득53~60%미만,모자가족,2,1
201802,전라북도,고창군,중위소득40%미만,부자가족,151,57
201802,전라북도,고창군,중위소득41~52%미만,부자가족,18,8
201802,전라북도,고창군,중위소득53~60%미만,부자가족,2,1
201802,전라북도,고창군,중위소득60~72%미만,부자가족,2,1
201802,전라북도,고창군,기타(중위소득72%이상),부자가족,3,1
201802,전라북도,고창군,중위소득40%미만,조손가족,4,2
201802,전라북도,고창군,중위소득40%미만,청소년모자,2,1
201802,전라북도,고창군,중위소득40%미만,모자가족,220,79
201802,전라북도,고창군,중위소득41~52%미만,모자가족,50,20
201802,전라북도,고창군,중위소득53~60%미만,모자가족,5,2
201802,전라북도,부안군,기타(중위소득72%이상),모자가족,5,1
201802,전라북도,부안군,중위소득40%미만,부자가족,118,46
201802,전라북도,부안군,중위소득41~52%미만,부자가족,2,1
201802,전라북도,부안군,기타(중위소득72%이상),부자가족,5,2
201802,전라북도,부안군,중위소득40%미만,모자가족,245,96
201802,전라북도,부안군,중위소득40%미만,청소년모자,3,1
201802,전라북도,부안군,중위소득41~52%미만,모자가족,58,21
201802,전라남도,목포시,기타(중위소득72%이상),모자가족,7,2
201802,전라남도,목포시,중위소득40%미만,부자가족,900,358
201802,전라남도,목포시,중위소득41~52%미만,부자가족,132,49
201802,전라남도,목포시,중위소득53~60%미만,부자가족,2,1
201802,전라남도,목포시,중위소득60~72%미만,부자가족,2,1
201802,전라남도,목포시,기타(중위소득72%이상),부자가족,1,1
201802,전라남도,목포시,중위소득40%미만,조손가족,54,22
201802,전라남도,목포시,중위소득40%미만,모자가족,2823,1114
201802,전라남도,목포시,중위소득41~52%미만,조손가족,2,1
201802,전라남도,목포시,중위소득40%미만,청소년모자,85,40
201802,전라남도,목포시,기타(중위소득72%이상),청소년모자,2,1
201802,전라남도,목포시,중위소득41~52%미만,모자가족,387,156
201802,전라남도,목포시,중위소득40%미만,청소년부자,18,8
201802,전라남도,목포시,중위소득53~60%미만,모자가족,9,3
201802,전라남도,목포시,중위소득60~72%미만,모자가족,2,1
201802,전라남도,여수시,중위소득40%미만,부자가족,477,192
201802,전라남도,여수시,중위소득41~52%미만,부자가족,59,25
201802,전라남도,여수시,기타(중위소득72%이상),부자가족,4,2
201802,전라남도,여수시,중위소득40%미만,모자가족,1920,766
201802,전라남도,여수시,중위소득40%미만,조손가족,21,9
201802,전라남도,여수시,중위소득41~52%미만,조손가족,8,2
201802,전라남도,여수시,중위소득40%미만,청소년모자,47,21
201802,전라남도,여수시,중위소득41~52%미만,청소년모자,2,1
201802,전라남도,여수시,중위소득41~52%미만,모자가족,235,95
201802,전라남도,여수시,중위소득53~60%미만,모자가족,11,5
201802,전라남도,여수시,중위소득60~72%미만,모자가족,6,2
201802,전라남도,여수시,기타(중위소득72%이상),모자가족,2,1
201802,전라남도,순천시,기타(중위소득72%이상),모자가족,8,2
201802,전라남도,순천시,중위소득40%미만,부자가족,352,138
201802,전라남도,순천시,중위소득41~52%미만,부자가족,45,18
201802,전라남도,순천시,중위소득53~60%미만,부자가족,3,1
201802,전라남도,순천시,기타(중위소득72%이상),부자가족,2,1
201802,전라남도,순천시,중위소득40%미만,조손가족,65,33
201802,전라남도,순천시,중위소득40%미만,청소년모자,48,23
201802,전라남도,순천시,중위소득41~52%미만,청소년모자,2,1
201802,전라남도,순천시,중위소득40%미만,청소년부자,2,1
201802,전라남도,순천시,중위소득41~52%미만,모자가족,280,109
201802,전라남도,순천시,중위소득53~60%미만,모자가족,2,1
201802,전라남도,순천시,중위소득40%미만,모자가족,1493,584
201802,전라남도,나주시,중위소득40%미만,부자가족,290,113
201802,전라남도,나주시,중위소득41~52%미만,부자가족,46,19
201802,전라남도,나주시,중위소득53~60%미만,부자가족,2,1
201802,전라남도,나주시,중위소득40%미만,모자가족,490,186
201802,전라남도,나주시,기타(중위소득72%이상),부자가족,1,1
201802,전라남도,나주시,중위소득40%미만,조손가족,6,2
201802,전라남도,나주시,중위소득40%미만,청소년모자,4,2
201802,전라남도,나주시,중위소득41~52%미만,모자가족,119,49
201802,전라남도,나주시,중위소득53~60%미만,모자가족,5,2
201802,전라남도,나주시,중위소득60~72%미만,모자가족,5,2
201802,전라남도,광양시,중위소득40%미만,부자가족,242,95
201802,전라남도,광양시,중위소득41~52%미만,부자가족,19,6
201802,전라남도,광양시,중위소득40%미만,조손가족,6,3
201802,전라남도,광양시,중위소득40%미만,모자가족,1007,373
201802,전라남도,광양시,중위소득40%미만,청소년모자,22,10
201802,전라남도,광양시,중위소득41~52%미만,모자가족,190,74
201802,전라남도,광양시,기타(중위소득72%이상),모자가족,7,3
201802,전라남도,담양군,중위소득40%미만,부자가족,98,40
201802,전라남도,담양군,중위소득41~52%미만,부자가족,6,2
201802,전라남도,담양군,기타(중위소득72%이상),부자가족,3,1
201802,전라남도,담양군,중위소득40%미만,조손가족,4,2
201802,전라남도,담양군,중위소득41~52%미만,조손가족,4,2
201802,전라남도,담양군,중위소득40%미만,청소년모자,2,1
201802,전라남도,담양군,중위소득41~52%미만,모자가족,20,8
201802,전라남도,담양군,중위소득53~60%미만,모자가족,3,1
201802,전라남도,담양군,중위소득40%미만,모자가족,156,59
201802,전라남도,곡성군,중위소득40%미만,부자가족,61,24
201802,전라남도,곡성군,중위소득41~52%미만,부자가족,20,7
201802,전라남도,곡성군,중위소득40%미만,청소년모자,2,1
201802,전라남도,곡성군,중위소득41~52%미만,모자가족,12,5
201802,전라남도,곡성군,중위소득40%미만,모자가족,82,30
201802,전라남도,구례군,중위소득40%미만,부자가족,55,22
201802,전라남도,구례군,중위소득41~52%미만,부자가족,8,3
201802,전라남도,구례군,기타(중위소득72%이상),부자가족,2,1
201802,전라남도,구례군,중위소득40%미만,조손가족,7,3
201802,전라남도,구례군,중위소득40%미만,모자가족,162,61
201802,전라남도,구례군,중위소득40%미만,청소년모자,2,1
201802,전라남도,구례군,중위소득41~52%미만,모자가족,16,6
201802,전라남도,구례군,중위소득53~60%미만,모자가족,2,1
201802,전라남도,고흥군,중위소득40%미만,부자가족,178,72
201802,전라남도,고흥군,중위소득41~52%미만,부자가족,31,11
201802,전라남도,고흥군,중위소득40%미만,모자가족,238,87
201802,전라남도,고흥군,기타(중위소득72%이상),부자가족,1,0
201802,전라남도,고흥군,중위소득40%미만,조손가족,12,7
201802,전라남도,고흥군,중위소득40%미만,청소년모자,2,1
201802,전라남도,고흥군,중위소득41~52%미만,모자가족,38,15
201802,전라남도,보성군,중위소득40%미만,부자가족,143,53
201802,전라남도,보성군,중위소득41~52%미만,부자가족,12,5
201802,전라남도,보성군,중위소득40%미만,모자가족,193,74
201802,전라남도,보성군,중위소득40%미만,청소년부자,2,1
201802,전라남도,보성군,중위소득41~52%미만,모자가족,41,15
201802,전라남도,보성군,중위소득60~72%미만,모자가족,3,1
201802,전라남도,화순군,중위소득40%미만,부자가족,120,48
201802,전라남도,화순군,중위소득41~52%미만,부자가족,13,5
201802,전라남도,화순군,중위소득40%미만,모자가족,481,174
201802,전라남도,화순군,중위소득60~72%미만,부자가족,2,1
201802,전라남도,화순군,중위소득40%미만,청소년모자,6,3
201802,전라남도,화순군,중위소득40%미만,청소년부자,5,2
201802,전라남도,화순군,중위소득41~52%미만,모자가족,60,22
201802,전라남도,화순군,중위소득53~60%미만,모자가족,5,2
201802,전라남도,화순군,중위소득60~72%미만,모자가족,2,1
201802,전라남도,장흥군,중위소득40%미만,부자가족,131,46
201802,전라남도,장흥군,중위소득40%미만,모자가족,199,74
201802,전라남도,장흥군,중위소득40%미만,조손가족,3,1
201802,전라남도,장흥군,중위소득40%미만,청소년부자,2,1
201802,전라남도,장흥군,중위소득41~52%미만,모자가족,27,10
201802,전라남도,강진군,중위소득40%미만,부자가족,77,31
201802,전라남도,강진군,중위소득41~52%미만,부자가족,6,2
201802,전라남도,강진군,중위소득40%미만,조손가족,2,1
201802,전라남도,강진군,중위소득40%미만,청소년모자,4,2
201802,전라남도,강진군,중위소득41~52%미만,모자가족,26,10
201802,전라남도,강진군,중위소득53~60%미만,모자가족,2,1
201802,전라남도,강진군,중위소득40%미만,모자가족,151,58
201802,전라남도,해남군,중위소득40%미만,부자가족,208,84
201802,전라남도,해남군,중위소득41~52%미만,부자가족,30,10
201802,전라남도,해남군,중위소득53~60%미만,부자가족,2,1
201802,전라남도,해남군,중위소득40%미만,조손가족,8,3
201802,전라남도,해남군,중위소득40%미만,청소년모자,2,1
201802,전라남도,해남군,중위소득41~52%미만,모자가족,58,23
201802,전라남도,해남군,중위소득40%미만,모자가족,229,83
201802,전라남도,영암군,기타(중위소득72%이상),모자가족,3,1
201802,전라남도,영암군,중위소득40%미만,부자가족,147,53
201802,전라남도,영암군,중위소득41~52%미만,부자가족,34,13
201802,전라남도,영암군,중위소득40%미만,모자가족,225,87
201802,전라남도,영암군,중위소득53~60%미만,부자가족,2,1
201802,전라남도,영암군,중위소득60~72%미만,부자가족,3,1
201802,전라남도,영암군,중위소득40%미만,청소년모자,4,2
201802,전라남도,영암군,중위소득41~52%미만,모자가족,30,12
201802,전라남도,무안군,기타(중위소득72%이상),모자가족,4,2
201802,전라남도,무안군,중위소득40%미만,부자가족,147,59
201802,전라남도,무안군,중위소득41~52%미만,부자가족,24,8
201802,전라남도,무안군,중위소득40%미만,모자가족,326,123
201802,전라남도,무안군,중위소득40%미만,조손가족,3,2
201802,전라남도,무안군,중위소득40%미만,청소년모자,8,4
201802,전라남도,무안군,중위소득40%미만,청소년부자,4,2
201802,전라남도,무안군,중위소득41~52%미만,모자가족,72,29
201802,전라남도,무안군,중위소득53~60%미만,모자가족,2,1
201802,전라남도,무안군,중위소득60~72%미만,모자가족,2,1
201802,전라남도,함평군,중위소득40%미만,부자가족,69,25
201802,전라남도,함평군,중위소득41~52%미만,부자가족,13,5
201802,전라남도,함평군,중위소득40%미만,청소년모자,4,3
201802,전라남도,함평군,중위소득40%미만,모자가족,134,64
201802,전라남도,함평군,중위소득41~52%미만,모자가족,26,10
201802,전라남도,영광군,중위소득40%미만,부자가족,123,45
201802,전라남도,영광군,중위소득41~52%미만,부자가족,21,8
201802,전라남도,영광군,기타(중위소득72%이상),부자가족,3,1
201802,전라남도,영광군,중위소득40%미만,조손가족,2,1
201802,전라남도,영광군,중위소득40%미만,청소년모자,4,2
201802,전라남도,영광군,중위소득40%미만,모자가족,302,109
201802,전라남도,영광군,중위소득41~52%미만,모자가족,49,20
201802,전라남도,영광군,중위소득53~60%미만,모자가족,2,1
201802,전라남도,영광군,중위소득60~72%미만,모자가족,7,2
201802,전라남도,영광군,기타(중위소득72%이상),모자가족,2,1
201802,전라남도,장성군,중위소득40%미만,부자가족,78,31
201802,전라남도,장성군,중위소득41~52%미만,부자가족,5,2
201802,전라남도,장성군,기타(중위소득72%이상),부자가족,2,1
201802,전라남도,장성군,중위소득40%미만,조손가족,6,2
201802,전라남도,장성군,중위소득40%미만,청소년모자,4,2
201802,전라남도,장성군,중위소득40%미만,청소년부자,2,1
201802,전라남도,장성군,중위소득40%미만,모자가족,197,72
201802,전라남도,장성군,중위소득41~52%미만,모자가족,36,15
201802,전라남도,완도군,중위소득40%미만,부자가족,143,54
201802,전라남도,완도군,중위소득41~52%미만,부자가족,33,11
201802,전라남도,완도군,중위소득40%미만,모자가족,94,40
201802,전라남도,완도군,중위소득40%미만,조손가족,5,2
201802,전라남도,완도군,중위소득40%미만,청소년모자,2,1
201802,전라남도,완도군,중위소득41~52%미만,모자가족,36,13
201802,전라남도,진도군,중위소득40%미만,부자가족,109,42
201802,전라남도,진도군,중위소득41~52%미만,부자가족,25,10
201802,전라남도,진도군,중위소득53~60%미만,부자가족,2,1
201802,전라남도,진도군,중위소득40%미만,모자가족,107,39
201802,전라남도,진도군,기타(중위소득72%이상),부자가족,3,2
201802,전라남도,진도군,중위소득40%미만,청소년모자,4,2
201802,전라남도,진도군,중위소득41~52%미만,모자가족,16,7
201802,전라남도,신안군,중위소득40%미만,부자가족,101,38
201802,전라남도,신안군,중위소득41~52%미만,부자가족,5,3
201802,전라남도,신안군,중위소득40%미만,조손가족,1,1
201802,전라남도,신안군,중위소득40%미만,청소년모자,2,1
201802,전라남도,신안군,중위소득41~52%미만,청소년모자,3,1
201802,전라남도,신안군,중위소득41~52%미만,모자가족,16,7
201802,전라남도,신안군,중위소득40%미만,모자가족,68,25
201802,경상북도,포항시,기타(중위소득72%이상),모자가족,8,3
201802,경상북도,포항시,중위소득40%미만,부자가족,854,353
201802,경상북도,포항시,중위소득41~52%미만,부자가족,84,34
201802,경상북도,포항시,중위소득53~60%미만,부자가족,3,1
201802,경상북도,포항시,중위소득40%미만,모자가족,3448,1404
201802,경상북도,포항시,중위소득40%미만,조손가족,3,1
201802,경상북도,포항시,중위소득40%미만,청소년모자,64,31
201802,경상북도,포항시,중위소득40%미만,청소년부자,9,4
201802,경상북도,포항시,중위소득41~52%미만,모자가족,509,208
201802,경상북도,포항시,중위소득53~60%미만,모자가족,13,6
201802,경상북도,포항시,중위소득60~72%미만,모자가족,5,2
201802,경상북도,경주시,중위소득40%미만,부자가족,331,135
201802,경상북도,경주시,중위소득41~52%미만,부자가족,43,16
201802,경상북도,경주시,중위소득53~60%미만,부자가족,3,1
201802,경상북도,경주시,기타(중위소득72%이상),부자가족,4,2
201802,경상북도,경주시,중위소득40%미만,조손가족,14,6
201802,경상북도,경주시,중위소득41~52%미만,조손가족,4,2
201802,경상북도,경주시,중위소득40%미만,청소년모자,12,6
201802,경상북도,경주시,중위소득41~52%미만,모자가족,210,91
201802,경상북도,경주시,중위소득53~60%미만,모자가족,2,1
201802,경상북도,경주시,중위소득40%미만,모자가족,1337,553
201802,경상북도,경주시,기타(중위소득72%이상),모자가족,3,1
201802,경상북도,김천시,중위소득40%미만,부자가족,256,108
201802,경상북도,김천시,중위소득41~52%미만,부자가족,5,2
201802,경상북도,김천시,기타(중위소득72%이상),부자가족,1,0
201802,경상북도,김천시,중위소득40%미만,조손가족,18,8
201802,경상북도,김천시,중위소득40%미만,청소년모자,4,2
201802,경상북도,김천시,중위소득40%미만,모자가족,566,216
201802,경상북도,김천시,중위소득41~52%미만,모자가족,98,39
201802,경상북도,김천시,기타(중위소득72%이상),모자가족,10,3
201802,경상북도,안동시,중위소득40%미만,부자가족,406,158
201802,경상북도,안동시,중위소득40%미만,모자가족,1062,434
201802,경상북도,안동시,중위소득41~52%미만,부자가족,55,24
201802,경상북도,안동시,중위소득53~60%미만,부자가족,7,2
201802,경상북도,안동시,중위소득60~72%미만,부자가족,2,1
201802,경상북도,안동시,기타(중위소득72%이상),부자가족,6,2
201802,경상북도,안동시,중위소득40%미만,조손가족,10,4
201802,경상북도,안동시,중위소득40%미만,청소년모자,12,6
201802,경상북도,안동시,중위소득40%미만,청소년부자,6,3
201802,경상북도,안동시,중위소득41~52%미만,청소년부자,2,1
201802,경상북도,안동시,중위소득41~52%미만,모자가족,151,62
201802,경상북도,안동시,중위소득53~60%미만,모자가족,7,3
201802,경상북도,안동시,중위소득60~72%미만,모자가족,3,1
201802,경상북도,구미시,중위소득40%미만,부자가족,421,162
201802,경상북도,구미시,중위소득40%미만,모자가족,1823,725
201802,경상북도,구미시,중위소득41~52%미만,부자가족,43,18
201802,경상북도,구미시,기타(중위소득72%이상),부자가족,5,2
201802,경상북도,구미시,중위소득40%미만,조손가족,12,5
201802,경상북도,구미시,중위소득41~52%미만,조손가족,2,1
201802,경상북도,구미시,중위소득40%미만,청소년모자,72,36
201802,경상북도,구미시,중위소득41~52%미만,청소년모자,4,2
201802,경상북도,구미시,중위소득40%미만,청소년부자,6,3
201802,경상북도,구미시,중위소득41~52%미만,모자가족,286,118
201802,경상북도,구미시,중위소득53~60%미만,모자가족,7,3
201802,경상북도,구미시,중위소득60~72%미만,모자가족,5,2
201802,경상북도,구미시,기타(중위소득72%이상),모자가족,3,2
201802,경상북도,영주시,기타(중위소득72%이상),모자가족,5,2
201802,경상북도,영주시,중위소득40%미만,부자가족,295,117
201802,경상북도,영주시,중위소득41~52%미만,부자가족,29,11
201802,경상북도,영주시,중위소득40%미만,모자가족,723,284
201802,경상북도,영주시,기타(중위소득72%이상),부자가족,3,2
201802,경상북도,영주시,중위소득40%미만,조손가족,5,2
201802,경상북도,영주시,중위소득40%미만,청소년모자,10,5
201802,경상북도,영주시,중위소득40%미만,청소년부자,6,3
201802,경상북도,영주시,기타(중위소득72%이상),청소년부자,2,1
201802,경상북도,영주시,중위소득41~52%미만,모자가족,109,44
201802,경상북도,영주시,중위소득53~60%미만,모자가족,2,1
201802,경상북도,영천시,중위소득40%미만,부자가족,201,79
201802,경상북도,영천시,중위소득41~52%미만,부자가족,22,8
201802,경상북도,영천시,중위소득40%미만,조손가족,2,1
201802,경상북도,영천시,중위소득40%미만,청소년모자,2,1
201802,경상북도,영천시,중위소득41~52%미만,모자가족,98,39
201802,경상북도,영천시,중위소득60~72%미만,모자가족,2,1
201802,경상북도,영천시,중위소득40%미만,모자가족,515,206
201802,경상북도,영천시,기타(중위소득72%이상),모자가족,3,1
201802,경상북도,상주시,중위소득40%미만,부자가족,168,67
201802,경상북도,상주시,중위소득41~52%미만,부자가족,23,9
201802,경상북도,상주시,중위소득53~60%미만,부자가족,2,1
201802,경상북도,상주시,중위소득40%미만,청소년모자,4,2
201802,경상북도,상주시,중위소득40%미만,모자가족,431,173
201802,경상북도,상주시,중위소득41~52%미만,모자가족,64,26
201802,경상북도,문경시,중위소득40%미만,모자가족,188,76
201802,경상북도,문경시,중위소득40%미만,부자가족,88,37
201802,경상북도,문경시,중위소득41~52%미만,부자가족,16,7
201802,경상북도,문경시,기타(중위소득72%이상),부자가족,1,0
201802,경상북도,문경시,중위소득40%미만,조손가족,3,1
201802,경상북도,문경시,중위소득41~52%미만,조손가족,2,1
201802,경상북도,문경시,중위소득41~52%미만,모자가족,55,21
201802,경상북도,경산시,중위소득40%미만,부자가족,429,164
201802,경상북도,경산시,중위소득40%미만,모자가족,1438,567
201802,경상북도,경산시,중위소득41~52%미만,부자가족,75,29
201802,경상북도,경산시,기타(중위소득72%이상),부자가족,3,1
201802,경상북도,경산시,중위소득40%미만,조손가족,4,2
201802,경상북도,경산시,중위소득40%미만,청소년모자,37,17
201802,경상북도,경산시,중위소득41~52%미만,청소년모자,2,1
201802,경상북도,경산시,중위소득40%미만,청소년부자,11,5
201802,경상북도,경산시,중위소득41~52%미만,모자가족,244,100
201802,경상북도,경산시,중위소득53~60%미만,모자가족,3,1
201802,경상북도,경산시,기타(중위소득72%이상),모자가족,2,1
201802,경상북도,군위군,중위소득40%미만,부자가족,41,16
201802,경상북도,군위군,중위소득41~52%미만,부자가족,5,2
201802,경상북도,군위군,중위소득40%미만,모자가족,51,21
201802,경상북도,군위군,중위소득40%미만,조손가족,4,2
201802,경상북도,군위군,중위소득41~52%미만,모자가족,5,2
201802,경상북도,의성군,중위소득40%미만,부자가족,92,38
201802,경상북도,의성군,중위소득41~52%미만,부자가족,16,6
201802,경상북도,의성군,중위소득41~52%미만,모자가족,31,12
201802,경상북도,의성군,중위소득40%미만,모자가족,126,47
201802,경상북도,청송군,중위소득40%미만,부자가족,40,17
201802,경상북도,청송군,중위소득41~52%미만,부자가족,9,4
201802,경상북도,청송군,중위소득40%미만,모자가족,64,25
201802,경상북도,청송군,중위소득40%미만,조손가족,4,1
201802,경상북도,청송군,중위소득40%미만,청소년모자,3,1
201802,경상북도,청송군,중위소득41~52%미만,청소년부자,2,1
201802,경상북도,청송군,중위소득41~52%미만,모자가족,12,5
201802,경상북도,영양군,중위소득40%미만,부자가족,53,21
201802,경상북도,영양군,중위소득41~52%미만,부자가족,10,3
201802,경상북도,영양군,중위소득40%미만,조손가족,9,5
201802,경상북도,영양군,중위소득40%미만,모자가족,50,21
201802,경상북도,영양군,중위소득40%미만,청소년모자,2,1
201802,경상북도,영양군,중위소득41~52%미만,모자가족,12,5
201802,경상북도,영덕군,기타(중위소득72%이상),모자가족,4,1
201802,경상북도,영덕군,중위소득40%미만,부자가족,82,33
201802,경상북도,영덕군,중위소득40%미만,모자가족,163,63
201802,경상북도,영덕군,중위소득41~52%미만,부자가족,5,2
201802,경상북도,영덕군,중위소득53~60%미만,부자가족,5,2
201802,경상북도,영덕군,중위소득40%미만,조손가족,17,7
201802,경상북도,영덕군,기타(중위소득72%이상),조손가족,1,1
201802,경상북도,영덕군,중위소득40%미만,청소년모자,2,1
201802,경상북도,영덕군,중위소득41~52%미만,모자가족,50,21
201802,경상북도,영덕군,중위소득53~60%미만,모자가족,6,3
201802,경상북도,청도군,중위소득40%미만,부자가족,44,17
201802,경상북도,청도군,중위소득41~52%미만,부자가족,10,3
201802,경상북도,청도군,중위소득40%미만,모자가족,77,31
201802,경상북도,청도군,중위소득41~52%미만,모자가족,22,9
201802,경상북도,청도군,기타(중위소득72%이상),모자가족,2,1
201802,경상북도,고령군,기타(중위소득72%이상),모자가족,1,0
201802,경상북도,고령군,중위소득40%미만,부자가족,49,21
201802,경상북도,고령군,중위소득41~52%미만,부자가족,20,9
201802,경상북도,고령군,중위소득40%미만,조손가족,2,1
201802,경상북도,고령군,중위소득40%미만,모자가족,177,70
201802,경상북도,고령군,중위소득41~52%미만,모자가족,26,11
201802,경상북도,성주군,기타(중위소득72%이상),모자가족,2,1
201802,경상북도,성주군,중위소득40%미만,부자가족,117,48
201802,경상북도,성주군,중위소득41~52%미만,부자가족,16,7
201802,경상북도,성주군,중위소득60~72%미만,부자가족,2,1
201802,경상북도,성주군,기타(중위소득72%이상),부자가족,3,1
201802,경상북도,성주군,중위소득40%미만,조손가족,11,7
201802,경상북도,성주군,중위소득40%미만,청소년모자,4,2
201802,경상북도,성주군,중위소득40%미만,모자가족,195,73
201802,경상북도,성주군,중위소득41~52%미만,모자가족,25,11
201802,경상북도,칠곡군,중위소득40%미만,부자가족,199,79
201802,경상북도,칠곡군,중위소득41~52%미만,부자가족,32,14
201802,경상북도,칠곡군,중위소득53~60%미만,부자가족,4,2
201802,경상북도,칠곡군,기타(중위소득72%이상),부자가족,2,1
201802,경상북도,칠곡군,중위소득40%미만,조손가족,2,1
201802,경상북도,칠곡군,중위소득40%미만,청소년모자,32,14
201802,경상북도,칠곡군,중위소득41~52%미만,청소년모자,2,1
201802,경상북도,칠곡군,중위소득41~52%미만,청소년부자,2,1
201802,경상북도,칠곡군,중위소득40%미만,모자가족,556,237
201802,경상북도,칠곡군,중위소득41~52%미만,모자가족,148,59
201802,경상북도,칠곡군,기타(중위소득72%이상),모자가족,3,1
201802,경상북도,예천군,중위소득40%미만,부자가족,91,38
201802,경상북도,예천군,중위소득41~52%미만,부자가족,13,5
201802,경상북도,예천군,중위소득40%미만,청소년모자,2,1
201802,경상북도,예천군,중위소득40%미만,모자가족,169,64
201802,경상북도,예천군,중위소득41~52%미만,모자가족,39,15
201802,경상북도,봉화군,중위소득40%미만,부자가족,52,24
201802,경상북도,봉화군,중위소득41~52%미만,부자가족,7,3
201802,경상북도,봉화군,중위소득40%미만,모자가족,84,31
201802,경상북도,봉화군,중위소득40%미만,청소년모자,2,1
201802,경상북도,봉화군,중위소득41~52%미만,청소년모자,2,1
201802,경상북도,봉화군,중위소득41~52%미만,모자가족,19,8
201802,경상북도,울진군,기타(중위소득72%이상),모자가족,2,1
201802,경상북도,울진군,중위소득40%미만,부자가족,86,36
201802,경상북도,울진군,중위소득41~52%미만,부자가족,18,8
201802,경상북도,울진군,중위소득40%미만,조손가족,7,3
201802,경상북도,울진군,중위소득40%미만,모자가족,204,101
201802,경상북도,울진군,중위소득40%미만,청소년모자,8,3
201802,경상북도,울진군,중위소득40%미만,청소년부자,2,1
201802,경상북도,울진군,중위소득41~52%미만,모자가족,52,24
201802,경상북도,울진군,중위소득60~72%미만,모자가족,4,1
201802,경상북도,울릉군,중위소득40%미만,부자가족,10,4
201802,경상북도,울릉군,중위소득40%미만,조손가족,2,1
201802,경상북도,울릉군,중위소득40%미만,모자가족,19,7
201802,경상북도,울릉군,중위소득41~52%미만,청소년모자,1,1
201802,경상북도,울릉군,중위소득41~52%미만,모자가족,3,1
201802,경상남도,창원시,중위소득40%미만,모자가족,5028,2006
201802,경상남도,창원시,중위소득40%미만,부자가족,1430,577
201802,경상남도,창원시,중위소득41~52%미만,부자가족,260,95
201802,경상남도,창원시,중위소득53~60%미만,부자가족,7,3
201802,경상남도,창원시,기타(중위소득72%이상),부자가족,4,2
201802,경상남도,창원시,중위소득40%미만,조손가족,21,9
201802,경상남도,창원시,중위소득40%미만,청소년모자,114,55
201802,경상남도,창원시,중위소득41~52%미만,청소년모자,6,3
201802,경상남도,창원시,중위소득40%미만,청소년부자,8,4
201802,경상남도,창원시,중위소득41~52%미만,모자가족,1131,447
201802,경상남도,창원시,중위소득53~60%미만,모자가족,35,15
201802,경상남도,창원시,중위소득60~72%미만,모자가족,8,3
201802,경상남도,창원시,기타(중위소득72%이상),모자가족,11,4
201802,경상남도,진주시,기타(중위소득72%이상),모자가족,2,2
201802,경상남도,진주시,중위소득40%미만,부자가족,595,245
201802,경상남도,진주시,중위소득41~52%미만,부자가족,120,46
201802,경상남도,진주시,중위소득40%미만,모자가족,2145,843
201802,경상남도,진주시,중위소득40%미만,청소년모자,22,11
201802,경상남도,진주시,중위소득40%미만,청소년부자,2,1
201802,경상남도,진주시,중위소득41~52%미만,청소년부자,2,1
201802,경상남도,진주시,중위소득41~52%미만,모자가족,449,180
201802,경상남도,진주시,중위소득53~60%미만,모자가족,6,3
201802,경상남도,진주시,중위소득60~72%미만,모자가족,4,3
201802,경상남도,통영시,중위소득40%미만,모자가족,1022,426
201802,경상남도,통영시,중위소득40%미만,부자가족,366,147
201802,경상남도,통영시,중위소득41~52%미만,부자가족,29,11
201802,경상남도,통영시,중위소득53~60%미만,부자가족,2,1
201802,경상남도,통영시,중위소득40%미만,조손가족,9,4
201802,경상남도,통영시,중위소득40%미만,청소년모자,12,6
201802,경상남도,통영시,중위소득41~52%미만,청소년모자,2,1
201802,경상남도,통영시,중위소득41~52%미만,모자가족,141,59
201802,경상남도,통영시,중위소득53~60%미만,모자가족,4,2
201802,경상남도,통영시,중위소득60~72%미만,모자가족,4,2
201802,경상남도,통영시,기타(중위소득72%이상),모자가족,4,1
201802,경상남도,사천시,중위소득40%미만,부자가족,229,92
201802,경상남도,사천시,중위소득41~52%미만,부자가족,36,14
201802,경상남도,사천시,중위소득40%미만,조손가족,2,1
201802,경상남도,사천시,중위소득40%미만,청소년모자,17,8
201802,경상남도,사천시,중위소득40%미만,청소년부자,3,1
201802,경상남도,사천시,중위소득41~52%미만,모자가족,109,44
201802,경상남도,사천시,중위소득40%미만,모자가족,625,252
201802,경상남도,사천시,중위소득53~60%미만,모자가족,2,1
201802,경상남도,사천시,기타(중위소득72%이상),모자가족,5,2
201802,경상남도,김해시,기타(중위소득72%이상),모자가족,8,2
201802,경상남도,김해시,중위소득40%미만,부자가족,895,352
201802,경상남도,김해시,중위소득41~52%미만,부자가족,130,53
201802,경상남도,김해시,중위소득60~72%미만,부자가족,2,1
201802,경상남도,김해시,중위소득40%미만,조손가족,2,1
201802,경상남도,김해시,중위소득60~72%미만,조손가족,4,1
201802,경상남도,김해시,중위소득40%미만,청소년모자,83,39
201802,경상남도,김해시,중위소득40%미만,모자가족,3536,1409
201802,경상남도,김해시,중위소득41~52%미만,청소년모자,2,1
201802,경상남도,김해시,중위소득41~52%미만,모자가족,811,324
201802,경상남도,김해시,중위소득40%미만,청소년부자,9,4
201802,경상남도,김해시,중위소득53~60%미만,모자가족,22,11
201802,경상남도,김해시,중위소득60~72%미만,모자가족,2,1
201802,경상남도,밀양시,기타(중위소득72%이상),모자가족,6,3
201802,경상남도,밀양시,중위소득40%미만,부자가족,232,93
201802,경상남도,밀양시,중위소득41~52%미만,부자가족,31,12
201802,경상남도,밀양시,기타(중위소득72%이상),부자가족,2,1
201802,경상남도,밀양시,중위소득40%미만,조손가족,10,4
201802,경상남도,밀양시,중위소득40%미만,모자가족,474,187
201802,경상남도,밀양시,중위소득40%미만,청소년모자,2,1
201802,경상남도,밀양시,중위소득41~52%미만,모자가족,114,44
201802,경상남도,거제시,기타(중위소득72%이상),모자가족,8,3
201802,경상남도,거제시,중위소득40%미만,부자가족,263,107
201802,경상남도,거제시,중위소득41~52%미만,부자가족,51,19
201802,경상남도,거제시,기타(중위소득72%이상),부자가족,3,1
201802,경상남도,거제시,중위소득40%미만,조손가족,2,1
201802,경상남도,거제시,중위소득40%미만,청소년모자,22,10
201802,경상남도,거제시,중위소득40%미만,모자가족,694,270
201802,경상남도,거제시,중위소득40%미만,청소년부자,2,1
201802,경상남도,거제시,중위소득41~52%미만,모자가족,167,64
201802,경상남도,거제시,중위소득53~60%미만,모자가족,4,2
201802,경상남도,거제시,중위소득60~72%미만,모자가족,2,1
201802,경상남도,양산시,중위소득40%미만,부자가족,456,175
201802,경상남도,양산시,중위소득41~52%미만,부자가족,88,36
201802,경상남도,양산시,기타(중위소득72%이상),부자가족,5,3
201802,경상남도,양산시,중위소득40%미만,조손가족,15,5
201802,경상남도,양산시,중위소득60~72%미만,조손가족,3,1
201802,경상남도,양산시,중위소득40%미만,청소년모자,42,20
201802,경상남도,양산시,중위소득41~52%미만,청소년모자,3,1
201802,경상남도,양산시,중위소득40%미만,청소년부자,10,5
201802,경상남도,양산시,중위소득41~52%미만,청소년부자,2,1
201802,경상남도,양산시,중위소득40%미만,모자가족,1506,594
201802,경상남도,양산시,중위소득41~52%미만,모자가족,381,146
201802,경상남도,양산시,중위소득53~60%미만,모자가족,5,2
201802,경상남도,양산시,중위소득60~72%미만,모자가족,8,4
201802,경상남도,의령군,중위소득40%미만,모자가족,53,23
201802,경상남도,의령군,중위소득40%미만,부자가족,40,18
201802,경상남도,의령군,중위소득41~52%미만,부자가족,4,2
201802,경상남도,의령군,중위소득41~52%미만,모자가족,21,8
201802,경상남도,함안군,기타(중위소득72%이상),모자가족,6,2
201802,경상남도,함안군,중위소득40%미만,부자가족,91,34
201802,경상남도,함안군,중위소득41~52%미만,부자가족,9,4
201802,경상남도,함안군,중위소득40%미만,모자가족,230,86
201802,경상남도,함안군,중위소득40%미만,청소년모자,4,2
201802,경상남도,함안군,중위소득41~52%미만,모자가족,46,16
201802,경상남도,창녕군,기타(중위소득72%이상),모자가족,2,1
201802,경상남도,창녕군,중위소득40%미만,부자가족,136,55
201802,경상남도,창녕군,중위소득41~52%미만,부자가족,12,5
201802,경상남도,창녕군,중위소득53~60%미만,부자가족,2,1
201802,경상남도,창녕군,중위소득40%미만,모자가족,260,99
201802,경상남도,창녕군,기타(중위소득72%이상),부자가족,1,1
201802,경상남도,창녕군,중위소득40%미만,조손가족,3,1
201802,경상남도,창녕군,중위소득40%미만,청소년모자,7,3
201802,경상남도,창녕군,중위소득41~52%미만,청소년모자,2,1
201802,경상남도,창녕군,중위소득40%미만,청소년부자,2,1
201802,경상남도,창녕군,중위소득41~52%미만,모자가족,43,18
201802,경상남도,창녕군,중위소득60~72%미만,모자가족,2,1
201802,경상남도,고성군,중위소득40%미만,부자가족,164,60
201802,경상남도,고성군,중위소득41~52%미만,부자가족,10,5
201802,경상남도,고성군,중위소득40%미만,조손가족,2,1
201802,경상남도,고성군,중위소득40%미만,모자가족,198,71
201802,경상남도,고성군,중위소득40%미만,청소년모자,6,3
201802,경상남도,고성군,중위소득41~52%미만,모자가족,27,11
201802,경상남도,남해군,중위소득40%미만,부자가족,98,39
201802,경상남도,남해군,중위소득41~52%미만,부자가족,20,8
201802,경상남도,남해군,기타(중위소득72%이상),부자가족,1,0
201802,경상남도,남해군,중위소득40%미만,조손가족,2,1
201802,경상남도,남해군,중위소득40%미만,청소년모자,6,3
201802,경상남도,남해군,중위소득41~52%미만,모자가족,31,12
201802,경상남도,남해군,중위소득40%미만,모자가족,120,50
201802,경상남도,하동군,중위소득40%미만,모자가족,213,81
201802,경상남도,하동군,중위소득40%미만,부자가족,108,41
201802,경상남도,하동군,중위소득41~52%미만,부자가족,9,4
201802,경상남도,하동군,중위소득40%미만,조손가족,3,1
201802,경상남도,하동군,중위소득40%미만,청소년모자,8,4
201802,경상남도,하동군,중위소득41~52%미만,모자가족,30,12
201802,경상남도,산청군,기타(중위소득72%이상),모자가족,3,1
201802,경상남도,산청군,중위소득40%미만,부자가족,85,33
201802,경상남도,산청군,중위소득41~52%미만,부자가족,25,9
201802,경상남도,산청군,중위소득40%미만,청소년모자,2,1
201802,경상남도,산청군,중위소득40%미만,모자가족,96,38
201802,경상남도,산청군,중위소득41~52%미만,모자가족,35,12
201802,경상남도,함양군,중위소득40%미만,부자가족,85,33
201802,경상남도,함양군,중위소득41~52%미만,부자가족,5,2
201802,경상남도,함양군,기타(중위소득72%이상),부자가족,2,1
201802,경상남도,함양군,중위소득40%미만,조손가족,6,2
201802,경상남도,함양군,중위소득41~52%미만,모자가족,29,10
201802,경상남도,함양군,중위소득53~60%미만,모자가족,3,1
201802,경상남도,함양군,중위소득40%미만,모자가족,122,44
201802,경상남도,거창군,중위소득40%미만,부자가족,160,65
201802,경상남도,거창군,중위소득41~52%미만,부자가족,22,10
201802,경상남도,거창군,기타(중위소득72%이상),부자가족,3,1
201802,경상남도,거창군,중위소득40%미만,청소년모자,5,2
201802,경상남도,거창군,중위소득41~52%미만,모자가족,74,29
201802,경상남도,거창군,중위소득40%미만,모자가족,356,133
201802,경상남도,거창군,중위소득53~60%미만,모자가족,8,3
201802,경상남도,거창군,기타(중위소득72%이상),모자가족,2,1
201802,경상남도,합천군,중위소득40%미만,부자가족,91,35
201802,경상남도,합천군,중위소득41~52%미만,부자가족,10,5
201802,경상남도,합천군,중위소득40%미만,조손가족,4,1
201802,경상남도,합천군,중위소득41~52%미만,모자가족,26,9
201802,경상남도,합천군,중위소득53~60%미만,모자가족,2,1
201802,경상남도,합천군,중위소득40%미만,모자가족,138,55
201802,제주특별자치도,제주시,기타(중위소득72%이상),모자가족,4,2
201802,제주특별자치도,제주시,중위소득40%미만,부자가족,1146,451
201802,제주특별자치도,제주시,중위소득40%미만,모자가족,3399,1355
201802,제주특별자치도,제주시,중위소득41~52%미만,부자가족,284,107
201802,제주특별자치도,제주시,중위소득53~60%미만,부자가족,5,2
201802,제주특별자치도,제주시,기타(중위소득72%이상),부자가족,1,1
201802,제주특별자치도,제주시,중위소득40%미만,조손가족,29,11
201802,제주특별자치도,제주시,중위소득41~52%미만,조손가족,7,3
201802,제주특별자치도,제주시,중위소득40%미만,청소년모자,83,48
201802,제주특별자치도,제주시,중위소득41~52%미만,청소년모자,2,1
201802,제주특별자치도,제주시,중위소득53~60%미만,청소년모자,2,1
201802,제주특별자치도,제주시,기타(중위소득72%이상),청소년모자,1,0
201802,제주특별자치도,제주시,중위소득40%미만,청소년부자,14,7
201802,제주특별자치도,제주시,중위소득53~60%미만,청소년부자,2,1
201802,제주특별자치도,제주시,중위소득41~52%미만,모자가족,807,328
201802,제주특별자치도,제주시,중위소득53~60%미만,모자가족,12,5
201802,제주특별자치도,제주시,중위소득60~72%미만,모자가족,3,1
201802,제주특별자치도,서귀포시,기타(중위소득72%이상),모자가족,2,1
201802,제주특별자치도,서귀포시,중위소득40%미만,부자가족,531,210
201802,제주특별자치도,서귀포시,중위소득41~52%미만,부자가족,104,38
201802,제주특별자치도,서귀포시,기타(중위소득72%이상),부자가족,2,1
201802,제주특별자치도,서귀포시,중위소득40%미만,조손가족,6,3
201802,제주특별자치도,서귀포시,중위소득40%미만,청소년모자,22,12
201802,제주특별자치도,서귀포시,중위소득41~52%미만,청소년모자,2,1
201802,제주특별자치도,서귀포시,중위소득40%미만,청소년부자,3,1
201802,제주특별자치도,서귀포시,중위소득41~52%미만,모자가족,171,67
201802,제주특별자치도,서귀포시,중위소득53~60%미만,모자가족,11,5
201802,제주특별자치도,서귀포시,중위소득40%미만,모자가족,998,383
